phecode,aou,mgi,ukb,plus20
BI_160,32594,10451,22605,1
BI_160.1,28846,9965,20684,1
BI_160.11,8235,3866,1001,1
BI_160.2,3828,459,2511,1
BI_160.21,2285,302,1482,1
BI_160.22,385,59,688,1
BI_160.3,60,9,7,0
BI_161,691,322,297,1
BI_161.2,691,322,297,1
BI_161.21,276,138,223,1
BI_161.22,47,22,10,0
BI_161.23,20,12,6,0
BI_162,3918,1453,1187,1
BI_162.1,61,40,27,1
BI_162.2,57,44,18,0
BI_162.3,26,18,71,0
BI_162.4,24,11,3,0
BI_162.8,3540,1290,,0
BI_162.81,1255,528,,0
BI_164,70035,24905,43797,1
BI_164.1,28839,9964,20675,1
BI_164.2,6859,1129,2654,1
BI_164.3,12358,6811,439,1
BI_164.6,15939,4749,2808,1
BI_164.7,29,22,,0
BI_164.8,185,66,34,1
BI_168,16692,7809,2530,1
BI_168.1,4498,1686,1231,1
BI_168.12,350,124,141,1
BI_168.15,1084,501,24,1
BI_168.18,1553,251,54,1
BI_168.2,4174,1683,736,1
BI_168.21,3551,1466,420,1
BI_168.211,929,527,,0
BI_168.213,418,89,,0
BI_168.214,697,212,,0
BI_168.22,371,155,73,1
BI_168.3,1844,492,212,1
BI_168.4,5424,2389,,0
BI_169,13004,5693,3969,1
BI_169.1,12744,5598,3954,1
BI_169.11,819,302,803,1
BI_169.12,20,16,,0
BI_169.13,14,5,,0
BI_169.14,2763,1115,205,1
BI_169.15,180,144,,0
BI_169.2,448,226,22,1
BI_170,10265,3369,6311,1
BI_170.1,5439,2225,6311,1
BI_170.12,1854,1137,,0
BI_170.13,182,73,,0
BI_170.14,85,25,,0
BI_170.2,889,408,,0
BI_171,19651,6754,197,1
BI_171.1,999,243,,0
BI_171.2,214,58,,0
BI_171.3,59,14,,0
BI_171.4,171,61,,0
BI_171.5,35,21,,0
BI_171.6,331,124,,0
BI_171.7,1207,409,197,1
BI_171.71,16,,,0
BI_171.711,7,,,0
BI_172,2271,663,1297,1
BI_172.1,313,67,9,0
BI_172.3,57,18,11,0
BI_174,5033,1815,1872,1
BI_174.1,12,6,767,0
BI_174.2,3930,1293,794,1
BI_174.21,154,57,43,1
BI_174.22,80,29,5,0
BI_174.23,5,7,,0
BI_174.5,40,14,28,0
BI_174.6,121,25,64,1
BI_174.7,303,130,190,1
BI_175,2132,700,1112,1
BI_175.2,1845,606,718,1
BI_176,4790,1061,535,1
BI_176.1,510,,,0
BI_177,24531,10006,6149,1
BI_177.1,2132,436,308,1
BI_177.11,237,42,26,1
BI_177.12,224,27,11,0
BI_177.13,382,86,133,1
BI_177.2,19718,7048,4094,1
BI_177.3,258,53,206,1
BI_177.4,4342,3326,1471,1
BI_177.41,112,36,20,1
BI_179,6711,3893,494,1
BI_179.1,1719,515,231,1
BI_179.4,262,76,64,1
BI_179.5,124,29,28,1
BI_179.6,293,69,38,1
BI_179.7,427,153,48,1
BI_179.8,21,12,5,0
BI_179.9,4522,3319,98,1
BI_180,10271,5895,1528,1
BI_180.2,835,42,37,1
BI_180.3,2734,857,1100,1
BI_180.31,2549,795,956,1
BI_180.33,186,52,168,1
BI_180.34,1,4,1,0
BI_180.4,92,19,33,0
BI_180.6,193,47,,0
BI_180.7,25,,,0
BI_181,43056,17643,29251,1
CA_100,2067,3627,2402,1
CA_100.1,695,1550,878,1
CA_100.12,416,999,569,1
CA_100.13,55,245,75,1
CA_100.14,72,304,92,1
CA_100.15,73,180,100,1
CA_100.2,391,586,487,1
CA_100.3,114,166,72,1
CA_100.4,67,137,116,1
CA_100.5,146,404,105,1
CA_100.6,336,650,472,1
CA_100.7,192,275,101,1
CA_100.8,116,121,100,1
CA_100.9,327,604,232,1
CA_101,8091,6457,17163,1
CA_101.1,375,658,1612,1
CA_101.2,532,585,1417,1
CA_101.21,129,305,637,1
CA_101.3,241,326,490,1
CA_101.4,3888,2483,9594,1
CA_101.41,3477,2254,9340,1
CA_101.411,2428,1923,6328,1
CA_101.412,201,118,238,1
CA_101.42,566,306,361,1
CA_101.6,1036,879,940,1
CA_101.61,775,617,442,1
CA_101.62,183,228,444,1
CA_101.7,193,242,423,1
CA_101.71,87,58,159,1
CA_101.8,861,841,1616,1
CA_102,3311,2750,6352,1
CA_102.1,2673,1743,5411,1
CA_102.3,135,239,235,1
CA_102.5,270,252,171,1
CA_102.51,13,24,9,0
CA_102.52,141,45,46,1
CA_102.53,58,150,76,1
CA_102.54,79,44,43,1
CA_103,27066,14610,27560,1
CA_103.1,3133,4815,5134,1
CA_103.2,10174,8064,,0
CA_103.21,7768,5851,,0
CA_103.22,4145,3912,,0
CA_103.3,2877,2260,1689,1
CA_104,8033,6102,1845,1
CA_104.1,910,1658,409,1
CA_104.2,344,595,430,1
CA_104.3,1679,3205,992,1
CA_104.4,49,67,67,1
CA_104.5,167,112,,0
CA_104.6,128,32,19,0
CA_105,9923,5402,21187,1
CA_105.1,9053,5093,962,1
CA_105.2,84,47,,0
CA_106,4811,3685,5776,1
CA_106.1,2182,1895,1536,1
CA_106.11,330,413,371,1
CA_106.12,131,215,105,1
CA_106.13,1848,1477,1108,1
CA_106.2,1606,1442,2460,1
CA_106.21,1316,1024,2326,1
CA_106.3,1316,804,1926,1
CA_106.4,187,189,133,1
CA_106.6,26,14,4,0
CA_107,6451,5212,13713,1
CA_107.1,61,133,165,1
CA_107.2,6109,4798,13158,1
CA_107.3,282,321,399,1
CA_107.4,1,3,,0
CA_107.5,9,15,2,0
CA_107.6,24,37,22,1
CA_108,3691,4656,7927,1
CA_108.4,1937,2256,2373,1
CA_108.41,1773,2057,2125,1
CA_108.42,187,409,173,1
CA_108.5,1794,2840,4594,1
CA_108.6,65,303,73,1
CA_108.7,144,429,243,1
CA_109,2195,1947,1673,1
CA_109.1,283,242,294,1
CA_109.11,60,71,20,1
CA_109.12,7,21,6,0
CA_109.13,37,18,31,0
CA_109.14,13,26,2,0
CA_109.15,41,14,11,0
CA_109.16,96,52,179,1
CA_109.2,294,237,79,1
CA_109.3,1617,1431,1228,1
CA_109.4,107,134,65,1
CA_109.5,58,77,21,1
CA_110,3053,2341,1031,1
CA_110.1,2425,1693,743,1
CA_110.3,33,20,27,1
CA_110.4,373,333,172,1
CA_110.5,42,14,9,0
CA_112,12857,22808,26374,1
CA_112.1,46,29,490,1
CA_114,3095,1954,803,1
CA_114.1,731,764,30,1
CA_114.11,69,83,30,1
CA_114.12,43,273,,0
CA_114.2,804,471,19,0
CA_114.4,776,565,78,1
CA_114.41,292,204,,0
CA_114.42,186,73,,0
CA_114.43,4,1,,0
CA_114.44,61,23,,0
CA_114.45,3,11,,0
CA_114.5,133,152,64,1
CA_114.6,1967,980,622,1
CA_116,7408,9255,21030,1
CA_120,9076,5044,9184,1
CA_120.1,4842,2122,3950,1
CA_120.11,170,86,184,1
CA_120.12,110,53,127,1
CA_120.13,665,506,673,1
CA_120.14,9,9,4,0
CA_120.15,204,84,24,1
CA_120.2,3771,2588,4514,1
CA_120.21,2622,1936,4003,1
CA_120.22,435,222,283,1
CA_120.3,146,75,104,1
CA_121,2022,880,2348,1
CA_121.1,832,434,786,1
CA_121.11,341,151,118,1
CA_121.12,544,299,667,1
CA_121.2,1144,453,1460,1
CA_121.21,857,339,1054,1
CA_121.22,292,109,281,1
CA_121.23,60,25,102,1
CA_122,3358,2408,3869,1
CA_122.1,599,306,455,1
CA_122.11,138,94,100,1
CA_122.2,3027,2290,3481,1
CA_122.21,597,1128,826,1
CA_122.22,624,293,1219,1
CA_122.23,75,48,44,1
CA_122.24,187,104,185,1
CA_122.25,32,21,19,0
CA_122.26,8,27,6,0
CA_123,1381,503,1326,1
CA_123.1,1353,487,1286,1
CA_124,3400,1553,2288,1
CA_124.3,651,495,669,1
CA_124.5,2011,811,585,1
CA_124.6,573,231,718,1
CA_124.7,188,102,315,1
CA_124.8,118,67,161,1
CA_125,1096,1187,186,1
CA_125.1,33,10,,0
CA_128,1346,,,0
CA_128.1,1179,,,0
CA_128.2,259,,,0
CA_130,36626,32362,83399,1
CA_132,6220,4685,4945,1
CA_135,4610,5409,6667,1
CA_135.1,1240,2499,1428,1
CA_135.11,157,143,110,1
CA_135.12,245,723,220,1
CA_135.14,19,92,9,0
CA_135.16,455,968,774,1
CA_135.2,96,662,52,1
CA_135.3,54,133,15,0
CA_135.4,9,63,,0
CA_135.5,2594,1812,4704,1
CA_135.6,785,829,515,1
CA_136,43833,24168,56769,1
CA_136.1,215,3743,192,1
CA_136.2,5032,8577,10969,1
CA_136.3,481,6533,381,1
CA_136.4,41058,18729,48081,1
CA_136.41,38972,17787,38947,1
CA_136.42,9695,6142,18822,1
CA_136.6,464,1717,182,1
CA_136.61,136,613,62,1
CA_136.8,420,485,121,1
CA_137,447,1700,251,1
CA_137.1,173,968,77,1
CA_137.3,13,79,6,0
CA_137.5,259,737,159,1
CA_137.51,103,168,77,1
CA_137.52,22,41,11,0
CA_137.53,21,401,3,0
CA_137.54,117,153,68,1
CA_138,41801,21049,13549,1
CA_138.1,12056,4198,1106,1
CA_138.2,24301,9101,6980,1
CA_139,28614,16014,15119,1
CA_139.1,1325,2932,478,1
CA_139.2,57,961,30,1
CA_139.3,4641,7059,881,1
CA_139.4,1159,831,875,1
CA_139.5,9709,2837,10301,1
CA_139.51,231,43,71,1
CA_139.52,1034,299,604,1
CA_139.53,5512,1815,7304,1
CA_139.54,463,32,1434,1
CA_139.6,15793,5075,2844,1
CA_139.61,15667,5002,2747,1
CA_139.62,167,102,108,1
CA_140,4165,5326,2124,1
CA_142,40831,11765,2153,1
CA_142.1,24020,6818,2153,1
CA_142.2,17833,8658,,0
CA_142.21,3508,1805,,0
CA_144,20209,11149,28779,1
CA_144.1,3124,4723,4808,1
CA_144.11,292,974,248,1
CA_144.12,236,570,257,1
CA_144.13,2668,3592,4337,1
CA_144.2,17654,7703,23917,1
CA_144.21,15068,4108,15055,1
CA_144.3,1560,1557,2331,1
CA_144.4,88,2509,88,1
CA_146,484,1889,267,1
CA_146.1,37,142,35,1
CA_146.2,303,1483,162,1
CA_146.3,143,255,68,1
CA_146.31,24,67,10,0
CA_146.32,81,90,34,1
CA_147,693,2994,377,1
CA_147.1,506,888,179,1
CA_147.2,10,583,7,0
CA_147.3,170,1555,174,1
CA_147.4,11,486,13,0
CA_148,5355,3257,1987,1
CA_148.1,2979,1250,307,1
CA_148.11,169,102,26,1
CA_148.12,22,24,6,0
CA_148.13,252,104,66,1
CA_148.14,21,94,5,0
CA_148.15,72,6,17,0
CA_148.16,2329,873,180,1
CA_148.2,1545,751,1118,1
CA_148.3,588,760,128,1
CA_148.4,110,470,34,1
CA_148.5,562,529,467,1
CA_149,3026,4173,1946,1
CA_149.1,890,2401,462,1
CA_149.3,629,1308,822,1
CA_149.4,1567,797,664,1
CA_149.5,28,12,4,0
CA_152,233,9545,70,1
CA_153,3571,3510,279,1
CM_750,2134,848,485,1
CM_750.1,798,361,173,1
CM_750.11,145,52,6,0
CM_750.111,30,6,2,0
CM_750.112,17,12,,0
CM_750.113,98,33,4,0
CM_750.114,1,,,0
CM_750.115,1,2,,0
CM_750.12,20,3,3,0
CM_750.13,,2,,0
CM_750.14,77,22,26,1
CM_750.15,100,68,31,1
CM_750.151,17,8,17,0
CM_750.152,9,5,4,0
CM_750.16,199,108,90,1
CM_750.2,728,426,296,1
CM_750.21,436,270,211,1
CM_750.22,104,30,94,1
CM_750.23,2,2,,0
CM_750.24,115,88,7,0
CM_750.26,21,3,1,0
CM_750.27,13,9,7,0
CM_751,1711,577,235,1
CM_751.1,81,86,18,0
CM_751.11,73,66,18,0
CM_751.111,1,,,0
CM_751.112,22,17,5,0
CM_751.113,51,52,13,0
CM_751.2,405,165,128,1
CM_751.21,274,111,105,1
CM_751.211,,6,2,0
CM_751.212,1,,,0
CM_751.213,245,104,96,1
CM_751.214,10,,7,0
CM_751.22,72,29,19,0
CM_751.221,17,6,9,0
CM_751.222,3,1,,0
CM_751.23,41,21,2,0
CM_751.231,13,6,,0
CM_751.24,6,3,,0
CM_751.241,5,2,,0
CM_751.3,722,145,27,1
CM_751.31,28,4,2,0
CM_751.32,302,87,21,1
CM_751.33,356,43,2,0
CM_751.34,29,13,,0
CM_751.4,97,30,20,1
CM_751.5,42,30,8,0
CM_751.7,154,89,41,1
CM_751.71,154,89,41,1
CM_751.711,65,35,34,1
CM_751.8,15,13,6,0
CM_752,288,154,58,1
CM_752.1,30,22,4,0
CM_752.11,23,21,4,0
CM_752.12,8,2,,0
CM_752.2,3,3,,0
CM_752.3,15,4,4,0
CM_752.4,1,,,0
CM_752.5,4,6,25,0
CM_752.6,16,11,6,0
CM_752.7,22,27,3,0
CM_752.8,36,39,2,0
CM_753,304,193,185,1
CM_753.1,78,86,101,1
CM_753.2,150,62,72,1
CM_753.3,6,1,,0
CM_754,517,368,362,1
CM_754.1,138,166,43,1
CM_754.11,118,148,35,1
CM_754.111,40,71,19,0
CM_754.12,29,54,5,0
CM_754.14,6,2,4,0
CM_754.3,8,23,5,0
CM_754.31,2,2,,0
CM_754.32,7,22,5,0
CM_754.4,67,35,9,0
CM_754.41,1,,,0
CM_754.42,1,2,,0
CM_754.5,190,95,10,0
CM_754.52,58,32,,0
CM_754.6,9,3,3,0
CM_754.7,33,55,268,1
CM_754.71,11,13,259,0
CM_755,743,466,82,1
CM_755.1,101,98,5,0
CM_755.2,16,10,3,0
CM_755.21,4,,,0
CM_755.22,3,3,,0
CM_755.23,10,7,3,0
CM_755.3,4,6,8,0
CM_755.31,3,6,6,0
CM_755.4,8,8,,0
CM_755.5,20,18,,0
CM_755.6,128,135,27,1
CM_755.61,10,9,5,0
CM_755.62,5,16,2,0
CM_755.63,5,,,0
CM_755.7,,1,,0
CM_757,1097,530,249,1
CM_757.1,808,367,146,1
CM_757.11,478,261,63,1
CM_757.111,139,107,54,1
CM_757.12,1,,,0
CM_757.13,78,40,46,1
CM_757.2,229,118,80,1
CM_757.21,7,16,1,0
CM_757.22,63,61,17,0
CM_758,2702,959,564,1
CM_758.1,1836,568,343,1
CM_758.11,79,64,118,1
CM_758.12,30,21,16,0
CM_758.13,39,43,7,0
CM_758.131,15,14,3,0
CM_758.132,24,31,4,0
CM_758.14,100,42,45,1
CM_758.15,3,3,1,0
CM_758.16,1,,1,0
CM_758.17,3,6,1,0
CM_758.2,505,266,162,1
CM_758.21,15,14,1,0
CM_758.22,199,78,114,1
CM_758.3,368,112,28,1
CM_758.31,10,3,1,0
CM_760,1455,1139,964,1
CM_760.1,974,766,611,1
CM_760.11,38,23,8,0
CM_760.111,2,4,6,0
CM_760.12,193,348,233,1
CM_760.13,563,238,285,1
CM_760.131,6,9,3,0
CM_760.132,168,80,64,1
CM_760.133,141,39,143,1
CM_760.134,31,11,16,0
CM_760.135,63,19,,0
CM_760.15,94,65,36,1
CM_760.151,7,8,3,0
CM_760.152,17,30,15,0
CM_760.153,17,5,,0
CM_760.16,24,45,40,1
CM_760.161,18,45,36,0
CM_760.17,14,12,,0
CM_760.18,1,5,2,0
CM_760.2,377,315,353,1
CM_760.21,129,107,124,1
CM_760.211,90,81,84,1
CM_760.212,20,22,,0
CM_760.213,,,6,0
CM_760.214,14,9,11,0
CM_760.215,2,4,,0
CM_760.22,227,191,210,1
CM_760.221,78,99,188,1
CM_760.222,3,9,1,0
CM_760.223,4,2,1,0
CM_760.224,38,42,,0
CM_760.226,21,7,,0
CM_760.227,,4,3,0
CM_760.25,8,6,13,0
CM_760.26,5,2,3,0
CM_760.3,7,23,1,0
CM_761,4724,2828,1310,1
CM_761.1,4099,2389,1177,1
CM_761.11,533,329,203,1
CM_761.111,404,280,194,1
CM_761.112,67,23,15,0
CM_761.12,44,56,20,1
CM_761.13,3085,1869,611,1
CM_761.131,132,140,42,1
CM_761.16,74,15,230,0
CM_761.17,139,63,81,1
CM_761.18,79,24,35,1
CM_761.19,2,2,1,0
CM_761.2,450,348,79,1
CM_761.21,299,238,27,1
CM_761.211,43,23,9,0
CM_761.212,9,6,,0
CM_761.23,1,2,10,0
CM_761.25,101,74,39,1
CM_761.26,7,11,,0
CM_761.3,174,137,68,1
CM_761.31,9,17,6,0
CM_761.32,5,9,2,0
CM_761.33,44,47,32,1
CM_761.34,63,30,15,0
CM_761.35,1,,,0
CM_762,398,224,87,1
CM_762.1,109,77,46,1
CM_762.11,16,18,16,0
CM_762.12,5,14,8,0
CM_762.13,,,1,0
CM_762.14,27,18,9,0
CM_762.15,14,3,,0
CM_762.2,42,23,3,0
CM_762.3,124,54,29,1
CM_762.31,24,19,2,0
CM_762.32,6,3,3,0
CM_762.33,19,15,9,0
CM_762.34,12,2,4,0
CM_762.35,3,4,4,0
CM_763,5655,2947,1513,1
CM_763.1,954,829,160,1
CM_763.11,28,23,2,0
CM_763.12,89,50,5,0
CM_763.13,120,51,26,1
CM_763.14,532,606,77,1
CM_763.141,133,77,37,1
CM_763.142,9,12,,0
CM_763.143,97,382,17,0
CM_763.144,10,9,,0
CM_763.145,55,38,,0
CM_763.146,8,7,,0
CM_763.147,32,13,,0
CM_763.15,239,139,46,1
CM_763.151,44,44,,0
CM_763.152,73,33,29,1
CM_763.153,63,39,,0
CM_763.16,27,25,4,0
CM_763.17,4,1,2,0
CM_763.18,21,18,4,0
CM_763.2,1333,981,409,1
CM_763.21,143,97,18,0
CM_763.211,22,16,,0
CM_763.212,89,61,17,0
CM_763.213,23,4,4,0
CM_763.22,75,59,21,1
CM_763.221,7,7,1,0
CM_763.222,28,22,18,0
CM_763.23,1171,865,375,1
CM_763.231,214,209,48,1
CM_763.232,878,645,325,1
CM_763.233,34,26,1,0
CM_763.234,199,121,18,0
CM_763.24,7,3,,0
CM_763.3,2760,1084,841,1
CM_763.31,324,197,118,1
CM_763.32,2381,896,704,1
CM_763.33,70,46,11,0
CM_763.34,6,7,,0
CM_763.35,16,1,3,0
CM_763.36,30,28,2,0
CM_763.4,109,79,22,1
CM_763.5,76,76,10,0
CM_763.6,48,30,21,1
CM_763.7,22,23,2,0
CM_763.8,27,21,13,0
CM_763.9,417,104,43,1
CM_764,1937,1013,386,1
CM_764.1,182,218,11,0
CM_764.11,28,12,5,0
CM_764.12,72,116,1,0
CM_764.2,74,32,,0
CM_764.3,81,58,15,0
CM_764.5,537,314,273,1
CM_765,460,338,162,1
CM_765.1,42,58,33,1
CM_765.11,9,26,10,0
CM_765.2,5,3,,0
CM_765.3,3,3,,0
CM_766,2951,784,328,1
CM_766.1,1332,411,111,1
CM_766.11,68,67,22,1
CM_766.12,284,42,24,1
CM_766.13,868,192,33,1
CM_766.2,1186,183,26,1
CM_766.21,6,2,,0
CM_766.22,765,68,12,0
CM_767,1024,534,177,1
CM_767.1,191,60,19,0
CM_767.11,33,9,2,0
CM_767.12,67,22,13,0
CM_767.2,135,95,34,1
CM_767.21,40,17,20,0
CM_767.22,83,77,14,0
CM_767.3,186,74,32,1
CM_767.6,12,7,,0
CM_768,412,188,59,1
CM_768.1,268,127,32,1
CM_768.11,228,95,27,1
CM_768.12,20,22,3,0
CM_768.2,149,84,26,1
CM_768.21,65,38,18,0
CM_769,2566,1679,155,1
CM_769.1,92,53,20,1
CM_769.2,10,5,9,0
CM_769.3,9,1,,0
CM_769.4,1,2,,0
CM_769.7,1519,1122,3,0
CM_770,1077,520,216,1
CM_770.1,146,56,28,1
CM_770.11,58,21,12,0
CM_770.2,166,83,10,0
CM_770.21,21,42,1,0
CM_770.22,13,7,,0
CM_770.23,20,20,2,0
CM_770.3,11,11,,0
CM_770.4,8,5,6,0
CM_770.5,393,199,122,1
CM_771,5528,2122,362,1
CM_771.1,4692,1883,244,1
CM_771.11,232,108,31,1
CM_771.14,652,219,74,1
CM_771.2,89,3,1,0
CM_771.3,258,89,3,0
CM_771.4,556,178,113,1
CM_772,554,191,217,1
CM_772.1,261,134,130,1
CM_772.11,49,30,5,0
CM_772.2,281,56,88,1
CM_772.3,16,2,,0
CM_773,297,151,14,0
CM_773.1,155,94,,0
CM_774,81,45,35,1
CM_774.1,46,27,15,0
CM_774.2,48,24,25,1
CM_775,6,1,,0
CM_776,109,90,1,0
CM_777,272,121,62,1
CM_777.1,18,,,0
CM_778,529,1072,644,1
CV_400,8511,2426,8074,1
CV_400.1,19,9,3,0
CV_400.2,8250,2097,8036,1
CV_401,116156,41182,135113,1
CV_401.1,112681,40583,133909,1
CV_401.2,16340,3533,490,1
CV_401.6,5004,4222,243,1
CV_401.61,779,1584,23,1
CV_401.7,4201,837,,0
CV_402,,,2488,0
CV_403,16074,4797,30244,1
CV_403.1,564,215,335,1
CV_404,37942,14750,46805,1
CV_404.1,14619,6236,22254,1
CV_404.11,9658,5613,14527,1
CV_404.2,33091,12958,33352,1
CV_404.22,841,222,,0
CV_404.23,1875,449,,0
CV_406,9164,3634,2569,1
CV_406.1,7342,2518,2120,1
CV_406.11,1543,1197,750,1
CV_406.12,12,7,7,0
CV_406.16,120,86,,0
CV_406.2,767,406,166,1
CV_408,730,123,88,1
CV_410,4279,1964,1856,1
CV_410.1,1208,400,475,1
CV_410.2,2767,1409,1177,1
CV_410.3,521,245,222,1
CV_411,4854,1472,2447,1
CV_411.1,80,46,20,1
CV_411.2,3089,596,1712,1
CV_411.3,300,170,,0
CV_413,26286,7434,17313,1
CV_413.1,17515,4193,10769,1
CV_413.11,9279,2184,5364,1
CV_413.12,2610,1081,1005,1
CV_413.13,852,511,366,1
CV_413.2,11789,3946,8996,1
CV_413.21,3905,2277,4668,1
CV_413.22,5040,1761,2660,1
CV_413.3,10426,1728,6138,1
CV_413.31,81,30,21,1
CV_413.32,6382,1092,1595,1
CV_413.4,2085,262,538,1
CV_413.41,145,101,44,1
CV_413.42,1356,96,495,1
CV_413.6,2965,1930,2497,1
CV_414,11253,4433,3432,1
CV_414.1,1082,571,533,1
CV_414.11,501,278,292,1
CV_414.2,2040,1017,1307,1
CV_414.3,211,42,100,1
CV_414.5,2956,1242,729,1
CV_414.6,97,33,3,0
CV_414.7,53,25,17,0
CV_414.8,168,118,23,1
CV_414.9,395,150,,0
CV_416,50351,26186,45460,1
CV_416.1,11905,5080,6056,1
CV_416.11,7757,3341,4404,1
CV_416.12,5354,2524,1855,1
CV_416.2,18530,9287,30635,1
CV_416.21,17966,9058,6262,1
CV_416.211,10744,4828,5205,1
CV_416.212,3377,1545,971,1
CV_416.213,3993,537,453,1
CV_416.214,783,294,,0
CV_416.22,4950,2739,207,1
CV_416.221,1205,967,140,1
CV_416.222,641,879,70,1
CV_416.3,900,448,667,1
CV_416.31,810,399,,0
CV_416.32,106,69,,0
CV_416.4,13730,6709,13914,1
CV_416.41,6042,3381,5912,1
CV_416.411,3922,2410,3315,1
CV_416.412,1118,484,1222,1
CV_416.413,1531,870,1607,1
CV_416.42,4261,1945,4686,1
CV_416.43,5211,2646,4485,1
CV_416.5,11307,4795,2040,1
CV_416.51,4011,1483,322,1
CV_416.52,7118,2913,1207,1
CV_416.6,2131,1258,,0
CV_416.7,3100,1549,1119,1
CV_416.71,2371,822,1119,1
CV_416.8,338,175,334,1
CV_417,56553,19983,15120,1
CV_417.1,32394,9025,6367,1
CV_417.2,24676,10213,4206,1
CV_417.3,13199,6123,5053,1
CV_418,32321,19898,1484,1
CV_418.1,25957,19058,,0
CV_418.2,4114,,543,0
CV_419,362,3182,4312,1
CV_419.1,199,1917,,0
CV_419.2,213,1766,,0
CV_420,1465,805,2345,1
CV_423,11687,8435,2048,1
CV_423.1,11343,8385,2038,1
CV_424,21044,8054,13882,1
CV_424.1,2035,513,7518,1
CV_424.2,8602,3072,,0
CV_424.3,9693,3474,,0
CV_424.4,3932,1680,,0
CV_424.5,712,312,,0
CV_424.7,81,34,,0
CV_425,13690,2753,7338,1
CV_426,8216,4808,6177,1
CV_430,3456,1451,3624,1
CV_430.1,1136,476,1413,1
CV_430.2,1690,662,1693,1
CV_430.3,1018,487,613,1
CV_430.4,54,38,28,1
CV_431,16472,6920,14960,1
CV_431.1,11764,5123,11789,1
CV_431.11,10231,4546,7482,1
CV_431.12,2513,981,2917,1
CV_431.13,81,5,36,0
CV_431.14,136,15,35,0
CV_431.15,43,3,72,0
CV_431.2,6429,2844,3892,1
CV_433,16148,7664,9079,1
CV_433.1,2252,658,1580,1
CV_433.2,9001,3373,2211,1
CV_433.21,7499,3141,2044,1
CV_433.3,3457,935,151,1
CV_433.31,204,26,,0
CV_433.32,576,215,113,1
CV_433.34,61,8,36,0
CV_433.4,73,18,4,0
CV_436,38209,14585,32893,1
CV_436.1,1010,443,118,1
CV_436.2,4437,2510,671,1
CV_436.23,322,140,,0
CV_436.3,6204,1404,279,1
CV_436.4,109,43,,0
CV_436.5,1202,158,643,1
CV_438,12074,5664,5137,1
CV_438.1,7677,3903,3088,1
CV_438.11,2711,1990,2094,1
CV_438.12,4952,2256,753,1
CV_438.13,265,290,54,1
CV_438.14,168,212,197,1
CV_438.2,942,562,557,1
CV_438.3,362,151,169,1
CV_438.4,1265,856,491,1
CV_438.41,519,525,250,1
CV_438.42,220,110,,0
CV_438.43,141,50,171,1
CV_438.5,124,74,,0
CV_438.6,2145,863,717,1
CV_438.7,577,163,214,1
CV_438.8,65,54,40,1
CV_438.9,88,17,20,0
CV_439,40586,10867,11888,1
CV_440,22552,11665,16965,1
CV_440.1,16115,8859,8175,1
CV_440.11,9206,5569,50,1
CV_440.12,606,477,355,1
CV_440.13,4712,1400,7155,1
CV_440.14,130,140,32,1
CV_440.15,163,99,21,1
CV_440.2,4234,2231,2961,1
CV_440.21,1672,552,319,1
CV_440.22,1032,327,585,1
CV_440.3,6988,3943,7496,1
CV_440.4,197,45,,0
CV_441,1429,831,388,1
CV_441.1,900,555,131,1
CV_441.2,107,79,15,0
CV_441.3,148,97,,0
CV_441.4,2,7,,0
CV_441.5,194,56,167,1
CV_442,1856,595,219,1
CV_443,5323,2523,2192,1
CV_443.1,2160,928,1582,1
CV_443.2,328,181,15,0
CV_443.3,185,73,21,1
CV_443.4,19,7,3,0
CV_444,20650,8540,17966,1
CV_444.1,14973,5686,17660,1
CV_444.11,11728,4483,15927,1
CV_444.12,197,65,268,1
CV_444.13,1594,747,1221,1
CV_444.14,93,40,35,1
CV_444.15,1474,445,385,1
CV_444.5,10494,5811,620,1
CV_444.6,1032,361,,0
CV_446,20707,9259,13610,1
CV_446.2,7060,2723,4532,1
CV_447,814,210,2035,1
CV_448,14930,5681,8087,1
CV_448.1,3799,1481,2726,1
CV_448.2,85,37,,0
CV_448.9,11011,4186,5441,1
CV_449,7023,3845,861,1
CV_452,2968,1653,151,1
DE_660,70259,19331,18627,1
DE_660.1,34377,8341,863,1
DE_660.11,3801,1343,121,1
DE_660.12,29632,6772,615,1
DE_660.121,714,154,1,0
DE_660.122,18641,4368,204,1
DE_660.123,8996,1836,286,1
DE_660.124,4022,1069,21,1
DE_660.13,2243,592,11,0
DE_660.2,3058,895,273,1
DE_660.21,2533,734,68,1
DE_660.22,7,2,2,0
DE_660.23,183,60,175,1
DE_660.4,3698,843,,0
DE_660.6,43699,12034,16216,1
DE_661,513,112,13,0
DE_662,8738,3214,619,1
DE_663,902,247,298,1
DE_663.1,104,19,57,0
DE_663.11,53,4,21,0
DE_663.12,11,,6,0
DE_663.2,187,73,153,1
DE_663.3,101,37,49,1
DE_663.4,18,6,7,0
DE_663.6,403,98,28,1
DE_664,9527,2993,5370,1
DE_664.1,1293,397,1006,1
DE_664.2,1036,229,101,1
DE_664.3,120,28,11,0
DE_664.4,7253,2366,4297,1
DE_664.41,823,109,279,1
DE_664.42,1583,514,1278,1
DE_665,394,114,118,1
DE_666,9937,2671,693,1
DE_666.1,1346,400,151,1
DE_666.2,1081,334,54,1
DE_666.3,103,47,6,0
DE_666.4,1042,136,11,0
DE_666.5,14,3,,0
DE_666.6,83,33,6,0
DE_667,7027,2583,1210,1
DE_667.1,210,58,78,1
DE_667.2,120,39,71,1
DE_667.4,110,36,30,1
DE_667.5,14,7,,0
DE_668,54404,15438,5305,1
DE_668.1,6548,1132,167,1
DE_668.2,11481,2754,138,1
DE_668.3,33226,12446,564,1
DE_668.4,3316,1130,834,1
DE_668.5,3334,715,296,1
DE_668.6,1913,481,92,1
DE_668.7,5,,,0
DE_669,2555,817,413,1
DE_669.1,163,69,46,1
DE_669.2,112,52,44,1
DE_669.3,2200,677,266,1
DE_669.4,55,19,27,0
DE_670,31417,9922,5190,1
DE_672,24688,11858,4959,1
DE_672.1,4844,730,142,1
DE_672.11,763,316,23,1
DE_672.12,798,108,22,1
DE_672.14,171,47,,0
DE_672.2,23051,11621,4835,1
DE_672.21,18612,6825,4423,1
DE_672.22,11,4,17,0
DE_674,26065,4053,1532,1
DE_674.1,1581,392,161,1
DE_674.11,1074,306,145,1
DE_674.2,15763,1896,943,1
DE_674.21,151,22,7,0
DE_674.22,511,39,37,1
DE_675,4217,1814,897,1
DE_675.1,1760,1051,849,1
DE_675.2,329,102,9,0
DE_676,18309,7105,5099,1
DE_676.1,3035,1288,395,1
DE_676.2,10569,4081,3517,1
DE_677,182,,6,0
DE_678,36391,18970,9016,1
DE_679,58621,19473,5203,1
DE_679.1,38912,14100,3022,1
DE_679.2,505,122,188,1
DE_679.3,5341,1990,120,1
DE_679.4,20923,5250,1354,1
DE_679.5,576,132,77,1
DE_679.6,2525,936,166,1
DE_680,20772,5978,1915,1
DE_680.1,8895,3060,519,1
DE_680.2,4414,1350,96,1
DE_680.3,8479,2591,12,0
DE_680.4,5,4,,0
DE_680.5,1234,194,175,1
DE_681,32094,13941,3114,1
DE_682,40220,13234,12698,1
DE_682.1,17049,5393,9954,1
DE_682.11,16653,5289,3299,1
DE_682.12,858,274,6943,1
DE_682.2,1210,362,682,1
DE_682.4,14311,5565,125,1
DE_683,18215,4658,1674,1
DE_683.1,7695,1872,1161,1
DE_683.2,4342,1269,66,1
DE_683.4,739,262,14,0
DE_684,14039,4014,351,1
DE_684.1,11478,3326,312,1
DE_684.11,984,213,46,1
DE_684.12,985,166,1,0
DE_684.13,539,91,82,1
DE_684.14,1001,237,16,0
DE_684.2,2522,720,40,1
DE_684.21,1443,487,31,1
DE_684.8,810,175,,0
DE_685,11157,2904,1032,1
DE_685.1,2218,391,21,1
DE_685.4,311,50,21,1
DE_685.5,49,12,3,0
DE_685.8,8469,2414,975,1
DE_685.81,921,396,62,1
DE_685.82,8018,2226,12,0
DE_686,10514,5189,5094,1
DE_686.1,2772,1637,2886,1
DE_686.2,9122,4267,2701,1
DE_687,494,154,235,1
DE_688,4287,1811,2497,1
DE_688.1,1803,710,1154,1
DE_688.2,498,321,223,1
DE_688.3,775,271,461,1
DE_688.5,6,21,9,0
EM_200,53835,20123,33115,1
EM_200.1,36686,13991,28394,1
EM_200.11,9552,4908,2578,1
EM_200.12,34292,12966,27116,1
EM_200.16,20,5,4,0
EM_200.2,20798,6680,4436,1
EM_200.21,3531,1228,1058,1
EM_200.22,13311,4362,1124,1
EM_200.23,9365,2567,1490,1
EM_200.24,39,35,4,0
EM_200.25,28,7,1,0
EM_200.3,7316,2662,3924,1
EM_200.31,2352,1000,916,1
EM_200.4,5599,1704,562,1
EM_200.41,4780,1390,424,1
EM_200.411,4660,1374,400,1
EM_200.42,87,29,8,0
EM_200.43,166,71,18,0
EM_200.45,69,44,7,0
EM_200.5,19,11,8,0
EM_200.6,1633,167,2,0
EM_200.7,1563,260,165,1
EM_200.8,160,27,,0
EM_200.9,5517,1974,73,1
EM_202,56210,18790,40535,1
EM_202.1,7329,4249,4785,1
EM_202.2,53573,18058,38156,1
EM_202.3,4783,2248,6,0
EM_202.31,3513,1531,,0
EM_202.32,748,316,,0
EM_202.4,4624,2330,5786,1
EM_203,3875,1792,,0
EM_204,70115,20712,4386,1
EM_204.1,12799,1862,,0
EM_204.2,5161,1971,,0
EM_204.3,9105,3048,3067,1
EM_204.31,120,63,3,0
EM_204.32,173,86,141,1
EM_204.4,33057,9891,725,1
EM_204.5,16864,6855,,0
EM_206,258,150,26,1
EM_206.1,1,,1,0
EM_206.2,43,28,7,0
EM_208,7831,4895,2249,1
EM_208.1,1073,886,458,1
EM_208.2,7357,4565,2001,1
EM_208.22,3772,1727,199,1
EM_209,4665,1636,1547,1
EM_209.1,2532,722,828,1
EM_209.11,144,132,148,1
EM_209.12,1203,253,537,1
EM_209.13,663,130,107,1
EM_209.14,106,109,37,1
EM_209.2,865,456,564,1
EM_209.23,77,50,162,1
EM_209.3,20,7,12,0
EM_209.4,425,172,179,1
EM_211,6080,2790,1574,1
EM_211.1,1103,708,342,1
EM_211.11,399,292,145,1
EM_211.13,565,329,192,1
EM_211.131,84,27,44,1
EM_211.132,3,8,4,0
EM_211.133,1,10,5,0
EM_211.14,31,32,10,0
EM_211.2,2416,1211,861,1
EM_211.22,243,120,88,1
EM_211.23,121,133,85,1
EM_211.3,159,57,28,1
EM_214,7045,1237,110,1
EM_214.1,6365,896,97,1
EM_214.11,868,308,,0
EM_214.12,727,236,29,1
EM_214.2,269,73,2,0
EM_214.21,120,29,,0
EM_214.22,52,10,2,0
EM_215,4330,1849,374,1
EM_215.1,4218,1784,358,1
EM_215.2,52,40,13,0
EM_217,182,97,2,0
EM_217.1,80,42,1,0
EM_217.2,95,55,,0
EM_218,126,107,21,1
EM_218.2,126,107,21,1
EM_218.21,27,13,18,0
EM_218.22,1,,,0
EM_220,185,51,41,1
EM_220.1,82,27,5,0
EM_220.2,5,1,,0
EM_228,131,56,50,1
EM_229,3313,1919,175,1
EM_229.1,36,13,,0
EM_230,14095,6642,11296,1
EM_230.1,9283,4835,552,1
EM_230.2,,659,9947,0
EM_230.21,,,9884,0
EM_230.22,,630,83,0
EM_230.3,4891,1840,1478,1
EM_230.4,1280,607,95,1
EM_230.7,2158,1370,,0
EM_232,55179,15908,9305,1
EM_232.1,407,133,11,0
EM_232.2,16763,2077,5149,1
EM_232.21,721,114,62,1
EM_232.22,47,14,9,0
EM_232.23,17,4,5,0
EM_232.26,321,28,1,0
EM_232.27,3423,368,1840,1
EM_232.29,385,59,688,1
EM_232.3,117,48,21,1
EM_232.4,47639,14903,4590,1
EM_232.5,46,36,6,0
EM_232.6,118,41,38,1
EM_234,1735,625,41,1
EM_234.1,15,,,0
EM_236,73572,34026,32965,1
EM_236.1,73060,30748,32888,1
EM_236.11,31239,13941,243,1
EM_236.2,2057,621,110,1
EM_237,,4537,99,0
EM_238,744,109,6,0
EM_238.1,39,14,2,0
EM_238.2,29,6,1,0
EM_238.3,45,,,0
EM_238.4,458,66,1,0
EM_239,106196,33436,71132,1
EM_239.1,62711,14848,66269,1
EM_239.11,43749,10442,66099,1
EM_239.13,249,66,,0
EM_239.2,36599,8817,537,1
EM_239.21,8193,2586,160,1
EM_239.3,31407,7167,384,1
EM_239.4,181,71,14,0
EM_244,7267,1460,1162,1
EM_244.4,703,629,37,1
EM_247,47467,16278,27448,1
EM_247.2,124,110,15,0
EM_247.3,5799,3172,1365,1
EM_247.4,10645,2701,2414,1
EM_247.41,327,68,,0
EM_247.42,8627,2387,101,1
EM_247.5,12432,5285,3651,1
EM_247.51,4718,1990,,0
EM_247.52,6741,2998,,0
EM_247.53,118,47,72,1
EM_247.54,31,16,,0
EM_247.55,148,27,40,1
EM_247.6,13,10,12,0
EM_247.7,1930,458,1293,1
EM_247.71,790,225,,0
EM_247.8,31176,10087,21201,1
EM_247.81,19,7,1,0
EM_247.82,,2,1,0
EM_247.83,1,,,0
EM_247.85,3,6,1,0
EM_247.86,405,82,6,0
EM_247.87,102,36,3,0
EM_247.88,30870,10032,21191,1
EM_248,4081,725,782,1
EM_249,661,178,409,1
EM_249.1,86,27,92,1
EM_249.2,72,10,,0
EM_249.3,28,17,,0
EM_252,9690,3883,1496,1
EM_252.1,25,2,,0
EM_252.2,28,3,3,0
EM_252.3,2917,1549,853,1
EM_252.31,158,32,3,0
EM_252.4,1468,847,60,1
EM_252.5,4131,1217,462,1
EM_252.51,3624,1046,420,1
EM_256,56569,17940,25506,1
EM_256.1,2905,1129,1263,1
EM_256.2,16171,5300,7562,1
EM_256.3,14872,4234,4194,1
EM_256.31,13558,3640,3690,1
EM_256.32,2060,977,564,1
EM_256.4,12230,6132,3351,1
EM_256.5,25094,4649,6047,1
EM_256.6,6046,2818,2640,1
EM_256.7,26299,8563,9521,1
EM_256.71,22060,7482,,0
EM_256.72,5083,1624,,0
EM_257,985,325,175,1
GE_960,799,334,188,1
GE_960.1,132,30,37,1
GE_960.11,73,15,16,0
GE_960.12,16,6,3,0
GE_960.13,13,4,6,0
GE_960.14,1,,,0
GE_960.15,1,1,,0
GE_960.17,1,,,0
GE_960.2,72,26,29,1
GE_960.21,23,10,20,0
GE_960.22,,1,,0
GE_960.24,1,,,0
GE_960.25,3,2,1,0
GE_960.26,1,,,0
GE_960.28,13,2,,0
GE_960.3,146,66,87,1
GE_960.31,87,39,39,1
GE_960.32,39,14,39,0
GE_960.33,5,4,,0
GE_960.34,1,,1,0
GE_960.35,1,,,0
GE_960.36,7,,,0
GE_960.5,1,,,0
GE_960.7,11,10,,0
GE_960.8,26,9,,0
GE_961,2668,414,241,1
GE_961.1,598,305,147,1
GE_961.11,298,146,135,1
GE_961.111,176,85,,0
GE_961.112,56,31,,0
GE_961.12,45,23,,0
GE_961.2,97,99,,0
GE_961.21,46,39,,0
GE_961.22,18,15,,0
GE_961.23,4,5,,0
GE_961.3,6,2,,0
GE_961.4,30,17,,0
GE_961.7,1,1,,0
GE_961.8,1989,,,0
GE_961.81,1403,,,0
GE_961.82,594,,,0
GE_961.83,44,,,0
GE_961.84,28,,,0
GE_962,1659,444,102,1
GE_962.1,84,31,32,1
GE_962.11,20,3,1,0
GE_962.12,5,3,3,0
GE_962.121,2,2,,0
GE_962.13,36,16,23,0
GE_962.131,16,14,,0
GE_962.132,1,,,0
GE_962.133,6,1,,0
GE_962.14,2,1,,0
GE_962.15,1,2,,0
GE_962.2,40,5,5,0
GE_962.21,2,1,,0
GE_962.22,2,,,0
GE_962.23,1,,,0
GE_962.24,20,,,0
GE_962.25,3,1,,0
GE_962.3,52,20,8,0
GE_962.32,,1,,0
GE_962.33,6,4,,0
GE_962.34,2,1,,0
GE_962.35,3,,,0
GE_962.38,16,7,,0
GE_962.381,14,7,,0
GE_962.39,13,3,,0
GE_962.391,3,,,0
GE_962.392,8,1,,0
GE_962.4,728,280,14,0
GE_962.41,255,101,,0
GE_962.42,11,14,,0
GE_962.43,284,144,,0
GE_962.5,465,50,18,0
GE_962.53,3,,,0
GE_962.54,22,1,1,0
GE_962.6,2,,,0
GE_962.7,48,7,7,0
GE_962.71,6,1,,0
GE_962.9,86,36,18,0
GE_962.94,,1,,0
GE_962.95,1,,,0
GE_962.96,1,1,,0
GE_963,562,144,96,1
GE_963.1,439,65,69,1
GE_963.11,21,1,,0
GE_963.12,10,2,,0
GE_963.14,2,,,0
GE_963.16,1,,,0
GE_963.17,5,1,1,0
GE_963.172,4,1,,0
GE_963.18,2,,1,0
GE_963.3,11,6,8,0
GE_963.31,1,,,0
GE_963.34,2,1,1,0
GE_963.37,1,,,0
GE_963.5,114,72,19,0
GE_964,247,121,32,1
GE_964.1,8,6,2,0
GE_964.11,7,6,,0
GE_964.2,66,87,5,0
GE_964.21,34,83,,0
GE_964.3,103,21,22,1
GE_964.31,19,5,,0
GE_964.32,15,2,,0
GE_964.33,2,,,0
GE_964.34,4,2,,0
GE_964.4,9,7,,0
GE_964.5,3,,1,0
GE_964.7,5,,2,0
GE_965,2246,979,55,1
GE_965.1,1,2,,0
GE_965.2,1,,,0
GE_965.3,1526,759,55,1
GE_965.4,685,226,,0
GE_965.5,8,,,0
GE_966,545,295,843,1
GE_966.1,29,27,9,0
GE_966.11,2,3,2,0
GE_966.12,1,,,0
GE_966.2,88,33,54,1
GE_966.21,6,1,4,0
GE_966.22,19,13,27,0
GE_966.23,17,3,,0
GE_966.3,3,,,0
GE_966.4,419,233,780,1
GE_966.41,418,233,780,1
GE_966.42,1,,,0
GE_967,480,132,,0
GE_967.1,32,20,,0
GE_967.2,10,,,0
GE_967.3,38,11,,0
GE_967.4,389,98,,0
GE_967.5,5,2,,0
GE_967.6,9,1,,0
GE_968,107,39,43,1
GE_968.1,5,4,,0
GE_968.2,6,1,,0
GE_968.3,4,1,,0
GE_968.4,2,1,,0
GE_968.5,3,1,,0
GE_969,409,220,36,1
GE_969.1,202,85,31,1
GE_969.11,36,16,5,0
GE_969.12,129,60,8,0
GE_969.122,1,1,,0
GE_969.123,,1,,0
GE_969.126,1,,,0
GE_969.128,5,1,2,0
GE_969.13,7,,,0
GE_969.14,32,5,1,0
GE_969.15,7,2,2,0
GE_969.2,34,26,,0
GE_969.3,80,26,5,0
GE_969.4,3,,,0
GE_969.5,51,16,,0
GE_969.6,7,,,0
GE_969.7,39,72,,0
GE_970,2979,869,884,1
GE_970.1,798,128,149,1
GE_970.11,558,109,142,1
GE_970.12,171,14,11,0
GE_970.14,117,18,,0
GE_970.2,891,235,444,1
GE_970.21,109,26,51,1
GE_970.22,125,52,99,1
GE_970.23,3,7,5,0
GE_970.24,4,,,0
GE_970.25,541,141,299,1
GE_970.4,29,22,11,0
GE_970.5,5,2,1,0
GE_970.6,587,175,231,1
GE_970.61,62,36,74,1
GE_970.62,20,11,10,0
GE_970.63,176,36,20,1
GE_970.631,121,23,20,1
GE_970.65,12,4,12,0
GE_970.66,3,3,2,0
GE_970.661,1,,,0
GE_970.7,6,6,4,0
GE_970.8,10,3,18,0
GE_971,1112,496,780,1
GE_971.1,922,397,780,1
GE_971.11,176,74,116,1
GE_971.12,42,16,27,0
GE_971.13,63,13,49,0
GE_971.14,377,170,171,1
GE_971.2,214,109,,0
GE_972,10663,4509,746,1
GE_972.1,9654,4153,300,1
GE_972.11,583,263,167,1
GE_972.2,380,151,287,1
GE_972.21,57,31,51,1
GE_972.22,2,,,0
GE_972.4,46,16,11,0
GE_972.41,46,16,11,0
GE_972.411,8,5,1,0
GE_972.5,448,107,10,0
GE_972.7,199,74,14,0
GE_972.8,75,32,,0
GE_972.81,66,28,,0
GE_972.82,16,6,,0
GE_972.83,1,,,0
GE_972.9,243,91,146,1
GE_972.91,13,3,,0
GE_972.92,13,6,,0
GE_972.93,1,,,0
GE_973,77,18,51,0
GE_973.3,5,,,0
GE_973.4,34,3,3,0
GE_973.5,38,15,46,0
GE_973.8,,,2,0
GE_974,1858,917,885,1
GE_974.1,833,408,208,1
GE_974.11,336,88,,0
GE_974.12,36,9,,0
GE_974.2,1010,510,661,1
GE_974.22,14,19,,0
GE_974.23,15,6,,0
GE_974.24,462,231,,0
GE_974.25,7,,,0
GE_974.3,32,8,23,0
GE_974.31,1,1,,0
GE_974.4,16,5,,0
GE_975,150,78,148,1
GE_975.1,16,4,,0
GE_975.2,130,74,148,1
GE_975.3,2,,,0
GE_976,691,464,409,1
GE_976.1,40,74,10,0
GE_976.2,12,6,,0
GE_976.3,64,47,,0
GE_976.4,34,32,,0
GE_976.5,546,308,399,1
GE_976.51,154,167,1,0
GE_976.52,244,143,218,1
GE_977,481,193,73,1
GE_977.1,327,94,19,0
GE_977.11,81,19,,0
GE_977.12,2,2,1,0
GE_977.13,2,2,,0
GE_977.14,2,,4,0
GE_977.15,,,2,0
GE_977.2,19,15,7,0
GE_977.3,8,2,3,0
GE_977.5,17,11,1,0
GE_977.6,79,61,29,1
GE_977.7,32,10,15,0
GE_978,1222,488,334,1
GE_978.1,58,24,23,1
GE_978.12,58,24,23,1
GE_978.2,858,310,203,1
GE_978.21,170,73,100,1
GE_978.22,701,241,104,1
GE_978.221,9,7,,0
GE_978.222,18,4,,0
GE_978.3,303,158,112,1
GE_978.31,59,60,23,1
GE_978.313,,,1,0
GE_978.314,8,7,15,0
GE_978.315,3,,2,0
GE_978.316,5,4,9,0
GE_978.33,61,34,54,1
GE_978.34,135,47,14,0
GE_978.35,28,10,6,0
GE_978.36,4,9,,0
GE_978.37,21,14,10,0
GE_978.4,10,1,,0
GE_979,435,266,35,1
GE_979.2,435,266,35,1
GE_981,433,241,88,1
GE_981.1,181,126,,0
GE_981.2,6,,,0
GE_981.3,1,,,0
GE_981.4,14,5,10,0
GE_981.5,75,37,28,1
GE_981.7,82,27,40,1
GE_981.8,35,27,7,0
GE_981.9,39,19,3,0
GE_982,1246,,,0
GE_983,4030,148,506,1
GE_983.1,2076,,,0
GE_983.2,1297,148,506,1
GI_500,3265,754,2844,1
GI_500.1,643,271,34,1
GI_500.2,202,16,10,0
GI_500.3,39,10,18,0
GI_500.4,2395,471,2736,1
GI_500.41,593,297,2476,1
GI_500.6,7,2,5,0
GI_502,23988,3792,9138,1
GI_502.1,17999,3113,5942,1
GI_502.11,13072,1627,5660,1
GI_502.12,946,42,21,1
GI_502.13,1309,46,,0
GI_502.14,3418,21,39,1
GI_502.15,39,13,33,0
GI_502.16,3790,704,248,1
GI_502.17,2,,3,0
GI_502.2,365,87,87,1
GI_502.3,8371,1048,2299,1
GI_502.31,1444,23,88,1
GI_502.32,6894,991,2009,1
GI_504,9048,1462,2823,1
GI_504.1,3571,236,164,1
GI_504.2,669,12,23,0
GI_504.3,4892,824,1936,1
GI_504.31,657,47,106,1
GI_504.4,112,27,47,1
GI_505,652,505,1240,1
GI_505.1,147,258,241,1
GI_506,7497,3341,1625,1
GI_506.1,29,14,10,0
GI_506.2,358,138,105,1
GI_506.3,2038,752,608,1
GI_506.4,539,304,425,1
GI_506.5,4128,1838,134,1
GI_506.51,2665,1182,45,1
GI_506.6,264,146,146,1
GI_507,10600,3941,4930,1
GI_507.1,3919,1261,874,1
GI_507.11,2289,486,122,1
GI_507.2,1391,400,314,1
GI_507.3,559,243,543,1
GI_507.31,12,2,5,0
GI_507.5,31,13,26,0
GI_508,3038,1021,1159,1
GI_509,3377,1324,2166,1
GI_509.1,1788,545,581,1
GI_509.11,962,330,60,1
GI_509.12,157,51,23,1
GI_509.3,190,86,21,1
GI_509.4,19,4,3,0
GI_509.5,48,14,8,0
GI_510,24789,7511,37006,1
GI_510.1,520,300,334,1
GI_510.2,18661,4801,30565,1
GI_510.4,88,100,61,1
GI_510.5,2858,903,1070,1
GI_510.6,303,213,341,1
GI_510.7,427,146,513,1
GI_510.8,3676,1203,5976,1
GI_511,78413,29339,47287,1
GI_512,24195,10539,11444,1
GI_513,10441,4488,18837,1
GI_513.1,1736,705,7485,1
GI_513.2,4824,2519,7771,1
GI_513.3,2115,840,5037,1
GI_513.4,756,298,97,1
GI_514,13911,7542,12004,1
GI_514.1,3821,1636,3682,1
GI_514.2,8129,4407,7626,1
GI_514.21,1019,203,634,1
GI_514.3,3891,3022,1191,1
GI_514.31,1533,2235,233,1
GI_515,9887,2915,3176,1
GI_516,15963,6455,6087,1
GI_516.1,499,350,375,1
GI_516.3,199,187,49,1
GI_516.4,3588,1399,,0
GI_516.5,28,12,22,0
GI_516.6,23,12,,0
GI_517,2947,1545,2372,1
GI_517.1,653,438,560,1
GI_517.2,497,288,121,1
GI_517.3,8,5,,0
GI_517.4,774,431,1098,1
GI_518,2977,866,2259,1
GI_520,35193,12054,75754,1
GI_520.1,18850,7519,34467,1
GI_520.11,8357,3104,23861,1
GI_520.12,312,264,1088,1
GI_520.13,7245,2415,6333,1
GI_520.14,5812,2801,5155,1
GI_520.2,19258,5055,46141,1
GI_522,47527,11793,73122,1
GI_522.1,6280,2909,7084,1
GI_522.11,3122,1565,2736,1
GI_522.12,3118,1584,4767,1
GI_522.13,520,184,429,1
GI_522.14,684,314,,0
GI_522.4,1312,716,521,1
GI_522.5,92,51,44,1
GI_522.6,866,488,,0
GI_522.61,771,469,,0
GI_522.62,72,28,,0
GI_522.63,65,10,,0
GI_522.7,1891,816,2041,1
GI_522.8,3474,641,12509,1
GI_522.9,26856,3901,44758,1
GI_522.91,4078,441,2038,1
GI_522.92,3724,651,768,1
GI_523,35446,10742,53103,1
GI_523.1,890,352,951,1
GI_523.2,32980,10480,47141,1
GI_523.3,140,39,218,1
GI_523.4,7193,2881,1252,1
GI_524,15978,7477,1138,1
GI_524.1,14500,6465,,0
GI_524.2,484,564,36,1
GI_524.3,252,85,391,1
GI_525,5047,2990,3330,1
GI_525.1,1846,753,2809,1
GI_525.2,64,19,6,0
GI_526,14538,6154,25031,1
GI_526.1,6216,2734,5046,1
GI_526.11,183,126,58,1
GI_526.12,3161,1936,1504,1
GI_526.2,5057,1644,1990,1
GI_526.3,372,100,115,1
GI_527,103841,31408,59576,1
GI_527.1,63,22,,0
GI_527.2,3218,502,,0
GI_527.3,9525,4268,17531,1
GI_527.4,114,,,0
GI_528,59172,20044,19243,1
GI_528.1,53633,18755,18957,1
GI_528.2,41940,14702,19243,1
GI_529,82226,17103,44986,1
GI_529.1,45468,4174,293,1
GI_529.2,17646,,2957,0
GI_529.4,146,49,34,1
GI_529.5,44159,11929,22831,1
GI_529.6,197,71,44,1
GI_529.7,5516,2305,3329,1
GI_530,12215,4291,11655,1
GI_530.1,3017,990,3126,1
GI_530.2,1629,657,1989,1
GI_530.3,737,326,1809,1
GI_530.4,305,289,483,1
GI_530.5,701,139,,0
GI_532,13758,7438,10304,1
GI_532.1,1496,1188,2340,1
GI_532.2,1743,1008,2158,1
GI_532.3,337,136,268,1
GI_532.4,689,179,1239,1
GI_535,4830,2397,7840,1
GI_537,5043,3035,2589,1
GI_537.1,2544,1519,2171,1
GI_537.2,683,382,104,1
GI_537.3,1410,1250,,0
GI_540,13336,2997,1944,1
GI_540.1,7389,1203,1254,1
GI_540.11,3661,865,289,1
GI_540.2,1993,496,537,1
GI_540.3,10682,1595,1236,1
GI_540.4,949,190,259,1
GI_542,25322,8378,7627,1
GI_542.1,5877,1940,1884,1
GI_542.11,5390,1926,1639,1
GI_542.2,17203,4813,4724,1
GI_542.3,2164,938,936,1
GI_542.4,2218,1057,1061,1
GI_542.5,263,119,92,1
GI_542.6,53,32,,0
GI_542.7,11780,6032,1459,1
GI_542.8,456,305,420,1
GI_542.81,291,159,355,1
GI_542.9,422,390,29,1
GI_545,7998,5471,6008,1
GI_546,18623,7581,4947,1
GI_546.2,367,226,336,1
GI_546.3,6549,997,519,1
GI_546.31,821,44,140,1
GI_546.4,631,272,54,1
GI_546.5,4,4,2,0
GI_550,20681,6422,25910,1
GI_550.1,16112,5488,22816,1
GI_550.2,5208,1501,4321,1
GI_550.21,2297,744,1355,1
GI_550.22,1848,439,1974,1
GI_550.3,53,47,171,1
GI_550.4,1611,414,715,1
GI_552,5445,2294,4133,1
GI_552.1,896,611,1480,1
GI_552.11,125,92,,0
GI_552.2,1711,1075,1472,1
GI_554,10117,4048,4959,1
GI_554.1,5844,2437,3668,1
GI_554.11,5122,2232,3230,1
GI_554.12,2131,895,895,1
GI_554.2,2677,974,777,1
GI_554.3,630,260,,0
GI_555,6242,4137,2714,1
GI_556,19799,10112,5642,1
GI_556.3,9069,4325,1680,1
GI_556.4,60,32,4,0
GI_556.8,10271,3100,3507,1
GI_557,29780,9345,34485,1
GI_557.1,3215,994,3159,1
GI_557.2,14424,5295,4387,1
GI_557.8,15892,4590,18483,1
GI_558,12030,567,3531,1
GU_580,4288,3078,3148,1
GU_580.1,317,149,57,1
GU_580.2,676,625,1129,1
GU_580.5,2867,1401,1637,1
GU_580.51,279,154,117,1
GU_580.52,430,241,121,1
GU_580.53,38,13,49,0
GU_580.54,7,2,6,0
GU_580.55,54,86,48,1
GU_580.56,7,8,4,0
GU_580.57,37,10,44,0
GU_580.58,1,,,0
GU_581,19138,7234,7046,1
GU_581.1,5825,2507,375,1
GU_581.13,267,113,58,1
GU_581.3,12597,5325,4976,1
GU_581.31,7473,2916,3987,1
GU_581.32,794,180,404,1
GU_581.33,1061,2015,775,1
GU_581.34,221,257,48,1
GU_581.35,170,188,61,1
GU_581.4,472,164,63,1
GU_581.5,230,213,53,1
GU_582,36594,14415,22841,1
GU_582.1,23667,8571,12444,1
GU_582.2,25792,10964,13394,1
GU_582.21,5016,2243,2488,1
GU_582.3,,1646,818,0
GU_585,18840,11457,9793,1
GU_585.1,2556,627,2554,1
GU_586,24342,12218,5091,1
GU_586.1,187,52,102,1
GU_586.2,11382,2563,2825,1
GU_586.3,368,278,151,1
GU_586.4,159,48,,0
GU_586.5,1619,634,281,1
GU_586.6,88,26,,0
GU_586.7,122,50,,0
GU_588,6946,3303,390,1
GU_588.1,4559,2124,158,1
GU_588.11,923,552,11,0
GU_588.12,66,22,23,1
GU_588.2,2970,1733,233,1
GU_591,49060,17896,21272,1
GU_592,20377,6559,4902,1
GU_592.1,18683,6241,4694,1
GU_592.11,13825,4074,222,1
GU_592.12,1720,1140,1744,1
GU_592.2,2101,453,248,1
GU_592.21,247,85,48,1
GU_592.3,74,26,6,0
GU_593,31241,10542,22344,1
GU_593.1,6805,3307,,0
GU_593.2,9239,2623,,0
GU_593.3,586,223,1028,1
GU_594,75569,26520,30505,1
GU_594.1,16454,9410,12288,1
GU_594.2,35941,8990,1847,1
GU_594.3,26602,11332,12976,1
GU_594.31,9184,3364,,0
GU_594.32,10016,4621,7834,1
GU_594.33,684,264,,0
GU_594.4,35942,10671,5481,1
GU_594.41,11096,2628,,0
GU_594.5,1166,1048,198,1
GU_594.6,12720,4478,,0
GU_596,13545,5752,15178,1
GU_596.1,1419,651,2820,1
GU_596.2,5764,2002,,0
GU_596.3,509,162,1379,1
GU_596.4,237,219,243,1
GU_596.5,3462,1777,2201,1
GU_597,4512,2432,6165,1
GU_597.1,1371,1110,5186,1
GU_597.2,123,45,,0
GU_597.3,204,235,162,1
GU_597.4,191,99,52,1
GU_597.5,336,96,352,1
GU_597.6,56,71,,0
GU_597.8,555,337,,0
GU_598,4217,1757,509,1
GU_599,14817,10328,6296,1
GU_599.7,762,140,63,1
GU_602,24646,9072,20861,1
GU_602.1,21254,6904,18894,1
GU_602.2,49,15,,0
GU_602.3,252,220,36,1
GU_602.4,8271,3820,,0
GU_602.5,2902,834,2412,1
GU_602.51,2469,790,1534,1
GU_602.511,978,219,380,1
GU_602.512,932,165,1361,1
GU_603,5819,1901,3295,1
GU_603.1,2224,522,2033,1
GU_603.2,1067,283,38,1
GU_603.3,86,80,,0
GU_603.4,151,28,121,1
GU_603.5,2066,710,1269,1
GU_603.6,2365,798,,0
GU_604,4214,1557,5203,1
GU_604.1,774,244,,0
GU_604.3,661,399,1088,1
GU_604.4,183,68,33,1
GU_604.5,1018,249,448,1
GU_605,15304,6541,432,1
GU_605.1,11745,5609,432,1
GU_605.2,383,146,,0
GU_608,6326,3325,4276,1
GU_609,871,542,75,1
GU_609.1,95,119,,0
GU_609.2,80,62,,0
GU_610,14659,3125,2475,1
GU_610.1,12589,2531,1060,1
GU_610.2,1431,134,369,1
GU_610.3,1046,45,381,1
GU_610.5,611,33,362,1
GU_612,29135,7938,3441,1
GU_612.1,3626,1204,968,1
GU_612.2,4001,1538,1104,1
GU_612.21,1028,260,13,0
GU_612.22,4368,1630,1091,1
GU_612.23,104,89,,0
GU_612.5,13108,3402,126,1
GU_612.7,6631,1631,662,1
GU_612.8,11256,1749,509,1
GU_614,33203,8396,8623,1
GU_614.1,2074,615,3651,1
GU_614.3,3408,941,1177,1
GU_614.31,662,202,66,1
GU_614.32,942,351,572,1
GU_614.4,1136,366,399,1
GU_614.5,30428,7401,3992,1
GU_614.51,5217,574,1461,1
GU_614.52,21043,5577,895,1
GU_614.53,1048,257,953,1
GU_614.54,1708,471,383,1
GU_614.55,11452,2650,476,1
GU_615,5480,2969,5142,1
GU_616,8183,2059,7354,1
GU_616.1,1551,855,1540,1
GU_616.2,1643,311,1537,1
GU_616.3,1684,32,1073,1
GU_616.4,236,,125,0
GU_617,4745,1151,3745,1
GU_617.1,552,172,83,1
GU_617.2,448,45,1158,1
GU_617.3,863,387,1030,1
GU_618,30338,7485,3687,1
GU_618.1,208,163,283,1
GU_618.3,9869,1977,1697,1
GU_619,19336,5626,7460,1
GU_619.1,205,151,103,1
GU_619.2,17483,4894,6699,1
GU_619.21,951,394,672,1
GU_619.22,1275,109,5856,1
GU_619.23,3842,1434,402,1
GU_620,5387,2568,2811,1
GU_621,6390,2235,2157,1
GU_621.1,6057,1986,2017,1
GU_622,6426,2708,14479,1
GU_622.1,4395,2140,10990,1
GU_622.2,2462,823,4177,1
GU_623,7888,3271,16505,1
GU_623.1,6251,2561,16045,1
GU_623.5,1028,662,,0
GU_623.6,275,165,943,1
GU_623.8,377,,266,0
GU_624,4777,2460,407,1
GU_624.1,240,112,,0
GU_624.2,57,11,172,0
GU_625,21131,10786,3588,1
GU_625.1,4645,2400,1303,1
GU_625.2,1444,365,1469,1
GU_625.3,486,444,,0
GU_625.4,280,184,26,1
GU_626,38591,11736,20640,1
GU_626.1,32325,9011,18632,1
GU_626.11,10696,2298,150,1
GU_626.111,9671,1976,113,1
GU_626.13,17697,5413,5615,1
GU_626.16,16668,5082,15354,1
GU_626.2,7122,2940,1934,1
GU_626.3,250,52,31,1
GU_626.4,80,26,44,1
GU_627,23708,6902,12925,1
GU_627.1,7775,2246,12208,1
GU_627.2,17330,5463,362,1
GU_629,4369,1789,1509,1
GU_629.1,928,791,12,0
ID_001,253,77,186,1
ID_002,7395,3004,7224,1
ID_002.1,6025,2300,4984,1
ID_003,5774,2511,7775,1
ID_004,12226,3616,4560,1
ID_004.1,891,270,696,1
ID_004.2,872,523,469,1
ID_004.3,1574,500,590,1
ID_004.4,140,45,5,0
ID_005,2612,766,528,1
ID_005.1,1944,557,423,1
ID_005.2,59,14,,0
ID_005.3,9,4,,0
ID_006,1546,171,97,1
ID_006.1,40,16,89,0
ID_006.2,1506,155,8,0
ID_007,348,130,781,1
ID_007.1,313,119,778,1
ID_007.2,29,8,,0
ID_008,4164,837,3006,1
ID_009,1793,1123,2304,1
ID_010,135,49,20,1
ID_010.1,17,15,16,0
ID_011,2014,1164,1341,1
ID_012,688,325,823,1
ID_013,239,118,171,1
ID_014,82,58,68,1
ID_015,3346,1989,1544,1
ID_015.1,31,31,41,1
ID_015.2,3161,1936,1504,1
ID_015.3,2,3,,0
ID_016,2455,488,28,1
ID_016.1,813,73,14,0
ID_016.2,8,,8,0
ID_017,87,32,8,0
ID_018,52,38,,0
ID_019,2166,456,37,1
ID_019.1,2157,452,36,1
ID_019.2,9,4,1,0
ID_020,2190,232,71,1
ID_020.1,2069,197,70,1
ID_021,91,26,12,0
ID_021.2,17,12,2,0
ID_022,109,28,,0
ID_023,28,24,6,0
ID_024,144,82,5,0
ID_025,1864,1547,694,1
ID_026,394,182,52,1
ID_027,91,21,22,1
ID_028,20,2,2,0
ID_029,18,12,19,0
ID_030,168,76,836,1
ID_031,20,9,26,0
ID_032,33,13,5,0
ID_033,5,2,,0
ID_034,19,4,2,0
ID_035,19,5,1,0
ID_036,,1,,0
ID_037,3,1,,0
ID_038,21,1,5,0
ID_039,56,32,33,1
ID_040,103,42,99,1
ID_041,53,6,2,0
ID_042,13,34,,0
ID_050,1214,643,346,1
ID_050.1,217,168,278,1
ID_050.2,48,31,,0
ID_050.3,21,5,,0
ID_050.4,162,54,4,0
ID_050.5,118,63,2,0
ID_050.6,360,202,4,0
ID_052,24387,11920,2318,1
ID_052.1,12717,3297,669,1
ID_052.3,11984,8882,1366,1
ID_052.31,1999,6548,120,1
ID_052.32,10301,3067,1252,1
ID_052.4,1003,520,98,1
ID_052.5,922,466,258,1
ID_052.6,24,7,,0
ID_053,117,38,20,1
ID_054,10671,1591,1228,1
ID_054.1,733,146,127,1
ID_054.2,2248,470,410,1
ID_054.21,127,166,10,0
ID_054.3,8290,978,554,1
ID_054.31,5944,753,504,1
ID_054.32,1260,198,143,1
ID_054.5,24,5,37,0
ID_055,692,305,91,1
ID_055.1,651,294,88,1
ID_056,20914,7002,1950,1
ID_056.1,2934,1241,,0
ID_056.2,3277,1588,244,1
ID_057,4837,331,301,1
ID_057.1,4777,315,262,1
ID_057.2,38,14,29,0
ID_058,1135,412,241,1
ID_058.1,862,310,222,1
ID_058.2,299,115,20,1
ID_059,16663,418,2369,1
ID_059.1,16095,,454,0
ID_060,364,69,44,1
ID_061,12152,2635,1456,1
ID_061.1,555,66,,0
ID_062,133,50,36,1
ID_063,50,28,20,1
ID_064,137,157,,0
ID_065,320,18,3,0
ID_066,295,40,11,0
ID_067,136,13,1,0
ID_068,37,8,2,0
ID_068.1,1,,,0
ID_069,316,88,57,1
ID_070,22965,7332,6385,1
ID_070.4,232,109,68,1
ID_071,782,26,3,0
ID_072,224,154,6,0
ID_073,37,15,1,0
ID_074,533,250,392,1
ID_075,112,35,8,0
ID_076,318,115,,0
ID_078,40,14,,0
ID_079,56,23,4,0
ID_084,4211,630,674,1
ID_084.1,69,20,36,1
ID_084.2,99,29,215,1
ID_084.3,16,6,10,0
ID_084.31,1,,2,0
ID_084.32,7,4,8,0
ID_084.4,2895,268,3,0
ID_084.5,141,24,32,1
ID_084.6,101,34,174,1
ID_084.7,170,40,76,1
ID_084.8,57,23,16,0
ID_086,2918,427,90,1
ID_086.1,486,60,16,0
ID_086.2,1998,275,50,1
ID_087,11,5,37,0
ID_088,12896,3944,355,1
ID_089,121669,35302,52417,1
ID_089.1,48726,16043,35836,1
ID_089.2,85332,22845,15402,1
ID_089.3,50500,13757,7619,1
ID_091,2356,881,1284,1
ID_092,17774,5495,15244,1
ID_092.1,2724,554,451,1
ID_092.2,14837,4547,15026,1
ID_092.3,12,4,38,0
ID_092.5,30,15,10,0
ID_092.8,5582,2386,,0
ID_097,5220,2099,1017,1
ID_097.1,3286,1433,,0
ID_097.2,539,166,355,1
ID_097.3,514,198,383,1
MB_280,40717,9163,10862,1
MB_280.1,20329,4758,10298,1
MB_280.11,18453,4350,8065,1
MB_280.13,2900,747,1475,1
MB_280.2,12704,2370,236,1
MB_280.21,11161,2226,212,1
MB_280.3,12098,2087,347,1
MB_280.31,7871,1688,321,1
MB_280.4,1930,459,66,1
MB_280.41,1808,448,62,1
MB_280.5,12134,555,116,1
MB_280.51,11134,499,95,1
MB_280.7,322,35,16,0
MB_280.71,250,27,12,0
MB_280.8,28280,6361,6391,1
MB_280.9,20234,4324,4018,1
MB_280.91,5755,807,1517,1
MB_281,132,16,20,0
MB_282,43974,16001,32192,1
MB_282.1,43480,10135,32192,1
MB_282.2,,8640,,0
MB_283,9983,2291,2990,1
MB_283.1,1169,,433,0
MB_283.3,2856,,7,0
MB_283.4,,,1085,0
MB_283.8,5793,,78,0
MB_284,10038,2138,1818,1
MB_284.1,9104,1875,,0
MB_284.2,2560,680,1818,1
MB_284.3,10,,,0
MB_286,81468,29052,28998,1
MB_286.1,14229,2432,1767,1
MB_286.11,7335,1603,629,1
MB_286.12,1651,386,,0
MB_286.2,62689,25634,27826,1
MB_286.3,1603,687,174,1
MB_286.4,13091,4774,102,1
MB_287,9729,1933,2065,1
MB_287.1,4263,205,1049,1
MB_287.2,3165,163,258,1
MB_287.4,1638,278,454,1
MB_287.5,1012,118,9,0
MB_288,78018,28690,20933,1
MB_288.2,9816,2478,1894,1
MB_288.3,22125,10319,376,1
MB_288.4,4708,2482,2038,1
MB_288.41,1163,391,113,1
MB_288.42,1129,843,19,0
MB_288.5,285,51,,0
MB_289,2343,813,335,1
MB_290,36311,10514,1136,1
MB_290.1,13465,2091,478,1
MB_291,6968,3028,1011,1
MB_291.1,1312,330,163,1
MB_293,2628,1477,188,1
MB_293.1,349,102,90,1
MB_293.2,424,105,38,1
MB_293.3,,135,,0
MB_293.4,,156,4,0
MB_293.5,94,57,,0
MB_294,6528,2018,694,1
MB_296,5032,846,628,1
MB_296.1,130,11,34,0
MB_296.2,171,10,31,0
MB_296.3,574,20,22,1
MB_296.4,2380,573,246,1
MB_296.5,72,14,8,0
MB_296.6,83,9,31,0
MB_296.7,267,22,36,1
MB_296.8,200,22,,0
MB_297,612,394,56,1
MB_298,995,186,28,1
MB_298.1,280,17,,0
MB_298.2,110,13,13,0
MB_298.3,108,43,4,0
MB_299,10777,6160,581,1
MB_300,751,68,184,1
MB_300.1,293,23,37,1
MB_300.2,52,8,5,0
MB_300.3,15,7,2,0
MB_300.4,3,,,0
MB_301,594,158,192,1
MB_301.1,424,105,86,1
MB_301.2,177,39,119,1
MB_302,1762,507,577,1
MB_302.1,668,216,215,1
MB_302.11,135,40,199,1
MB_302.12,55,30,29,1
MB_302.13,27,50,3,0
MB_302.2,49,8,8,0
MB_302.3,810,231,355,1
MB_302.4,22,7,,0
MB_303,683,361,42,1
MB_303.1,181,83,19,0
MB_304,7896,3044,32,1
MB_305,426,120,27,1
MB_305.1,404,111,27,1
MB_305.11,134,42,19,0
MB_305.12,42,16,2,0
MB_305.13,17,2,1,0
MB_305.14,31,10,,0
MB_306,1318,457,24,1
MB_307,2659,1068,10,0
MB_307.3,356,124,1,0
MB_307.4,78,87,2,0
MB_308,6257,2035,7247,1
MB_308.1,2847,1416,5879,1
MB_308.2,254,36,17,0
MB_308.3,3659,754,924,1
MB_308.31,1077,294,395,1
MB_308.32,1129,104,198,1
MB_308.4,2,1,950,0
MB_309,7847,74,1602,1
MB_309.1,1139,,85,0
MB_309.2,147,,,0
MB_309.3,889,,3,0
MB_309.4,242,1,138,0
MB_309.5,792,,87,0
MB_309.6,58,,,0
MB_309.7,1960,,541,0
MB_309.8,1251,67,,0
MB_309.9,157,7,97,0
MS_700,10628,4309,2410,1
MS_700.1,3950,1360,793,1
MS_700.11,3706,1298,650,1
MS_700.12,1414,551,303,1
MS_700.2,3823,1076,978,1
MS_700.3,788,435,307,1
MS_700.4,2226,832,269,1
MS_700.41,1779,631,106,1
MS_700.42,318,167,76,1
MS_700.43,408,206,86,1
MS_700.44,44,26,,0
MS_700.6,77,19,,0
MS_700.7,13,,,0
MS_701,4711,2198,236,1
MS_701.1,4610,2128,235,1
MS_701.11,1941,1069,13,0
MS_701.12,1492,828,39,1
MS_702,2679,901,185,1
MS_702.1,2107,595,110,1
MS_702.2,216,65,25,1
MS_702.3,187,155,4,0
MS_703,11643,4589,4975,1
MS_703.1,9967,4344,4856,1
MS_703.2,2020,384,98,1
MS_703.3,40,1,,0
MS_704,2763,905,1740,1
MS_704.1,214,104,141,1
MS_704.11,134,62,61,1
MS_704.12,35,14,4,0
MS_704.2,246,176,199,1
MS_704.3,198,44,30,1
MS_704.4,320,101,28,1
MS_704.5,670,156,818,1
MS_704.6,50,17,16,0
MS_704.7,66,30,32,1
MS_704.8,46,27,20,1
MS_704.9,192,74,77,1
MS_705,11170,4168,8320,1
MS_705.1,7940,3099,5444,1
MS_705.11,1394,531,519,1
MS_705.12,2186,771,561,1
MS_705.2,437,155,51,1
MS_705.3,1366,483,2654,1
MS_705.4,126,23,31,1
MS_705.5,590,136,478,1
MS_705.6,48,13,3,0
MS_706,7989,2012,2012,1
MS_706.1,4181,588,172,1
MS_706.2,848,382,1025,1
MS_706.3,401,19,2,0
MS_707,27015,23672,14334,1
MS_707.1,302,102,14,0
MS_707.2,1299,825,4,0
MS_707.3,41,30,,0
MS_707.8,2207,431,706,1
MS_707.9,576,230,20,1
MS_708,76165,28546,65936,1
MS_708.1,11074,3045,9140,1
MS_708.11,6833,2492,774,1
MS_709,17640,4348,14135,1
MS_709.1,1425,450,364,1
MS_709.11,752,258,,0
MS_709.12,167,42,,0
MS_709.13,121,43,,0
MS_709.2,16507,3964,13811,1
MS_709.21,10241,2148,9661,1
MS_709.22,2491,795,2230,1
MS_709.23,384,113,294,1
MS_709.24,7069,1823,2997,1
MS_710,16206,5917,1247,1
MS_710.1,614,186,,0
MS_710.11,167,47,,0
MS_710.12,41,16,,0
MS_710.13,4,1,,0
MS_710.2,664,367,199,1
MS_710.21,24,6,,0
MS_710.22,25,13,,0
MS_710.23,92,21,65,1
MS_710.3,1985,882,32,1
MS_710.31,721,309,,0
MS_710.32,691,472,,0
MS_710.4,11931,4192,590,1
MS_710.41,6094,1509,318,1
MS_710.42,656,322,22,1
MS_710.43,1090,341,33,1
MS_710.44,2008,1088,,0
MS_710.45,76,11,,0
MS_710.6,1554,657,32,1
MS_711,11710,4274,4712,1
MS_711.1,5448,2252,2825,1
MS_712,13681,5852,1754,1
MS_712.1,1484,653,990,1
MS_712.3,1570,540,121,1
MS_712.4,795,417,19,0
MS_712.5,1876,878,321,1
MS_712.51,1117,343,251,1
MS_712.6,5498,2366,248,1
MS_712.61,942,480,168,1
MS_712.62,115,24,9,0
MS_712.63,439,94,15,0
MS_713,122854,37713,2991,1
MS_713.1,632,167,19,0
MS_713.2,22756,5154,359,1
MS_713.3,119960,36632,2338,1
MS_713.31,56567,16618,,0
MS_713.32,17315,7481,,0
MS_713.34,14224,3900,,0
MS_713.35,8214,4142,,0
MS_713.36,41710,13018,,0
MS_713.37,65399,18758,,0
MS_713.38,30454,10015,,0
MS_713.4,11215,2590,146,1
MS_713.5,40,16,2,0
MS_714,20222,4875,1787,1
MS_714.1,2200,828,158,1
MS_714.2,663,120,13,0
MS_714.3,8157,2219,1090,1
MS_714.31,3906,1971,23,1
MS_714.32,232,80,11,0
MS_714.5,1433,534,114,1
MS_714.6,10590,2026,418,1
MS_714.7,1210,582,28,1
MS_715,48349,12658,6343,1
MS_715.1,41217,10009,4968,1
MS_715.4,26099,7201,1605,1
MS_715.5,319,85,29,1
MS_715.6,97,8,,0
MS_716,40997,10944,15581,1
MS_716.1,378,206,74,1
MS_716.2,30486,7066,799,1
MS_716.3,18459,6174,8428,1
MS_717,16771,7664,1229,1
MS_717.1,424,198,1,0
MS_717.2,10920,5150,477,1
MS_717.3,2006,566,,0
MS_718,112896,32539,15116,1
MS_718.1,39931,11865,651,1
MS_718.2,47279,12945,1886,1
MS_718.3,14713,5127,251,1
MS_718.4,68881,22074,6648,1
MS_718.5,27723,7538,2695,1
MS_719,35779,12487,1356,1
MS_719.1,25282,7123,681,1
MS_719.11,16818,4573,,0
MS_719.2,369,105,14,0
MS_719.21,24,7,1,0
MS_719.22,52,18,2,0
MS_719.3,1075,410,5,0
MS_719.4,62,5,6,0
MS_719.5,229,143,9,0
MS_719.6,2003,847,39,1
MS_719.61,89,39,,0
MS_719.8,1940,352,,0
MS_719.9,3777,1954,243,1
MS_719.91,812,334,187,1
MS_719.92,2651,1109,50,1
MS_719.93,618,760,8,0
MS_720,1601,924,304,1
MS_721,43567,12757,12333,1
MS_721.1,24154,7506,4166,1
MS_721.11,9144,2557,2993,1
MS_721.12,3919,1165,221,1
MS_721.15,213,62,34,1
MS_721.16,106,11,2,0
MS_721.2,7688,2676,4114,1
MS_721.3,440,228,,0
MS_721.4,2050,580,558,1
MS_721.5,17176,4327,3260,1
MS_721.6,5017,1210,621,1
MS_721.7,46,22,119,1
MS_722,17498,5610,4565,1
MS_722.1,15079,4730,448,1
MS_722.2,6,5,,0
MS_722.3,371,135,7,0
MS_722.4,1958,742,4115,1
MS_723,49090,18298,14549,1
MS_723.1,4948,1809,2517,1
MS_723.2,9502,4084,6100,1
MS_723.3,2192,657,137,1
MS_723.4,7390,2461,547,1
MS_723.5,10598,3885,285,1
MS_723.51,5025,1536,175,1
MS_723.52,2877,857,,0
MS_723.6,6545,1791,7508,1
MS_723.7,2496,1012,17,0
MS_724,71025,21787,7101,1
MS_724.1,37303,11058,2382,1
MS_724.2,92,21,52,1
MS_724.3,801,342,,0
MS_724.4,719,221,35,1
MS_724.5,12295,1481,732,1
MS_724.51,5628,344,74,1
MS_724.52,5555,594,657,1
MS_725,983,413,261,1
MS_725.1,135,19,23,0
MS_726,23682,6852,8969,1
MS_726.1,22997,6711,8916,1
MS_726.5,818,107,44,1
MS_726.6,173,62,17,0
MS_726.7,64,38,,0
MS_726.8,2,,,0
MS_727,45116,15461,2622,1
MS_727.1,2319,1047,114,1
MS_727.2,2733,511,3,0
MS_727.3,459,276,96,1
MS_727.4,70,26,35,1
MS_727.5,1344,361,57,1
MS_727.6,766,43,29,1
MS_727.7,106,76,,0
MS_728,14825,2678,1512,1
MS_728.1,6191,1293,619,1
MS_728.2,418,181,72,1
MS_728.3,4998,932,370,1
MS_728.4,30,28,7,0
MS_728.6,13,,4,0
MS_728.7,46,27,5,0
MS_728.8,24,24,18,0
MS_729,2512,2086,478,1
MS_730,21537,8262,37,1
MS_730.1,3910,1986,1,0
MS_730.3,31,12,5,0
MS_730.4,,266,,0
MS_732,6809,,238,0
MS_733,1813,814,548,1
MS_733.1,447,427,19,0
MS_733.11,117,197,,0
MS_733.111,46,71,,0
MS_733.112,79,138,,0
MS_733.113,4,16,,0
MS_733.12,258,349,,0
MS_733.121,185,248,,0
MS_733.122,106,202,,0
MS_733.123,24,42,,0
MS_733.2,715,398,101,1
MS_733.3,438,57,335,1
MS_733.31,73,14,,0
MS_733.4,250,159,,0
MS_733.41,44,107,,0
MS_733.7,144,172,67,1
MS_734,11776,4509,1068,1
MS_734.4,378,35,35,1
MS_734.5,586,435,198,1
MS_734.6,7035,2900,411,1
MS_734.61,69,67,,0
MS_734.62,3107,1383,,0
MS_734.63,201,502,,0
MS_734.9,3956,1159,,0
MS_740,7899,3798,1824,1
MS_740.1,577,446,16,0
MS_740.2,2002,852,678,1
MS_740.3,289,125,160,1
MS_740.4,489,198,64,1
MS_740.5,976,266,381,1
MS_740.6,365,189,79,1
MS_740.7,1269,512,32,1
MS_740.8,1048,411,202,1
MS_740.9,700,851,89,1
MS_741,55777,16456,1471,1
MS_741.1,11485,5174,64,1
MS_741.11,443,69,24,1
MS_741.13,1911,598,,0
MS_741.14,4474,2849,,0
MS_741.2,1142,393,70,1
MS_741.3,7894,1806,469,1
MS_741.4,3403,1687,23,1
MS_741.5,12567,4388,428,1
MS_741.6,16497,4332,200,1
MS_741.7,14842,3545,152,1
MS_741.71,1913,162,16,0
MS_741.72,7898,1786,128,1
MS_742,10161,4187,644,1
MS_745,44236,14823,6741,1
MS_745.1,11755,4541,2035,1
MS_745.11,2898,1394,468,1
MS_745.2,1331,659,152,1
MS_745.3,9448,3196,1886,1
MS_745.4,10254,3027,275,1
MS_745.5,9405,3043,618,1
MS_745.6,10326,3911,802,1
MS_745.61,5732,2396,314,1
MS_745.7,4359,1307,734,1
MS_745.8,1940,796,14,0
MS_745.9,5371,2211,301,1
NB_850,421,114,3,0
NB_850.1,231,87,1,0
NB_850.2,2,6,,0
NB_850.3,138,24,2,0
NB_851,173,,,0
NB_853,23,17,,0
NB_853.1,5,,,0
NB_853.2,4,12,,0
NB_853.21,3,,,0
NB_853.22,1,12,,0
NB_853.3,2,,,0
NB_853.4,2,1,,0
NB_853.5,1,,,0
NB_853.6,1,1,,0
NB_854,116,118,3,0
NB_854.1,29,6,,0
NB_854.11,29,,,0
NB_854.12,,5,,0
NB_854.2,5,8,1,0
NB_854.4,7,18,,0
NB_854.5,,1,,0
NB_854.6,1,,,0
NB_854.7,28,13,,0
NB_854.71,20,8,,0
NB_854.9,44,64,2,0
NB_856,139,72,8,0
NB_856.1,29,12,3,0
NB_856.11,6,6,,0
NB_856.2,9,3,,0
NB_856.21,9,3,,0
NB_856.3,2,3,,0
NB_856.4,38,6,,0
NB_856.5,4,2,,0
NB_856.7,40,36,,0
NB_856.8,5,6,3,0
NB_857,43,22,,0
NB_857.1,10,7,,0
NB_857.11,6,6,,0
NB_857.2,13,9,,0
NB_857.3,4,,,0
NB_857.5,6,2,,0
NB_857.51,5,,,0
NB_857.8,2,2,,0
NB_858,15,15,,0
NB_858.1,8,12,,0
NB_858.2,2,,,0
NB_859,15,20,,0
NB_859.1,2,,,0
NB_859.2,1,1,,0
NB_859.3,,2,,0
NB_860,37,9,1,0
NB_860.1,10,3,,0
NB_860.11,4,,,0
NB_860.12,6,2,,0
NB_860.2,1,2,,0
NB_860.3,14,1,,0
NB_860.4,7,2,1,0
NB_861,4,4,,0
NB_861.1,2,,,0
NB_861.2,,4,,0
NB_862,6,3,,0
NB_863,9,2,,0
NB_864,23,6,,0
NB_864.1,,2,,0
NB_864.3,15,1,,0
NB_865,29,12,,0
NB_865.1,6,3,,0
NB_865.11,3,2,,0
NB_865.12,3,,,0
NB_865.2,1,1,,0
NB_865.3,,1,,0
NB_865.5,2,,,0
NB_865.6,8,5,,0
NB_865.7,1,,,0
NB_866,7,3,,0
NB_866.1,6,3,,0
NB_868,33,9,,0
NB_868.1,5,2,,0
NB_868.3,14,4,,0
NB_868.4,5,1,,0
NB_868.5,1,1,,0
NB_868.7,3,1,,0
NB_870,23,5,1,0
NB_870.1,8,2,,0
NB_870.2,2,2,,0
NB_870.4,4,,,0
NB_871,47,80,15,0
NB_871.1,3,,,0
NB_871.2,1,2,,0
NB_871.4,43,25,15,0
NB_872,178,42,,0
NB_872.1,8,2,,0
NB_872.11,3,,,0
NB_872.12,,2,,0
NB_872.2,1,4,,0
NB_872.5,35,10,,0
NB_873,98,18,7,0
NB_873.1,3,,,0
NB_873.2,1,,,0
NB_873.3,7,,,0
NB_873.4,6,1,,0
NB_873.5,2,,,0
NB_873.6,2,1,,0
NB_874,8,16,,0
NB_875,119,,,0
NB_876,148,2,4,0
NB_877,129,,1,0
NB_878,76,,1,0
NB_879,212,1,1,0
NB_880,86,1,17,0
NB_881,23,30,,0
NB_882,47,,1,0
NB_882.1,24,,,0
NB_885,200,53,,0
NB_885.1,17,1,,0
NB_885.11,2,,,0
NB_885.12,5,1,,0
NB_885.13,4,,,0
NB_885.132,1,,,0
NB_885.14,5,,,0
NB_885.142,2,,,0
NB_885.2,36,1,,0
NB_885.21,2,1,,0
NB_885.211,,1,,0
NB_885.212,1,,,0
NB_885.22,35,,,0
NB_885.221,1,,,0
NB_885.222,15,,,0
NB_885.3,21,5,,0
NB_885.31,11,4,,0
NB_885.311,1,1,,0
NB_885.312,2,3,,0
NB_885.32,10,1,,0
NB_885.321,2,,,0
NB_885.322,5,1,,0
NB_885.4,1,,,0
NB_885.5,58,,,0
NB_886,51,5,,0
NB_886.1,20,1,,0
NB_886.11,6,,,0
NB_886.12,5,1,,0
NB_886.13,1,,,0
NB_886.2,5,2,,0
NB_886.21,1,1,,0
NB_886.22,3,1,,0
NB_886.3,6,1,,0
NB_886.31,2,,,0
NB_886.33,3,1,,0
NB_886.4,17,,,0
NB_887,22,10,,0
NB_889,112,4,4,0
NB_889.1,26,,,0
NB_889.2,2,,,0
NB_889.4,73,4,4,0
NS_320,1350,722,655,1
NS_320.1,792,306,490,1
NS_320.11,251,108,240,1
NS_320.12,486,185,249,1
NS_320.13,87,27,6,0
NS_320.2,226,91,33,1
NS_320.21,126,62,12,0
NS_320.22,32,9,6,0
NS_321,980,342,698,1
NS_321.1,445,171,229,1
NS_321.11,18,2,,0
NS_321.12,189,57,212,1
NS_321.13,19,2,2,0
NS_321.14,11,7,10,0
NS_321.2,359,106,126,1
NS_321.21,225,65,125,1
NS_322,831,312,442,1
NS_322.1,13,5,40,0
NS_322.2,18,7,20,0
NS_322.4,586,199,216,1
NS_323,774,322,817,1
NS_323.3,291,159,522,1
NS_323.31,160,111,,0
NS_323.32,9,10,,0
NS_323.33,21,11,,0
NS_324,18972,6975,6805,1
NS_324.1,2048,766,3331,1
NS_324.11,1914,739,3212,1
NS_324.2,279,144,174,1
NS_324.21,25,8,120,0
NS_324.3,16619,6027,2650,1
NS_324.31,4543,1262,675,1
NS_324.311,584,120,38,1
NS_324.314,2915,680,196,1
NS_324.315,185,121,19,0
NS_324.316,498,152,119,1
NS_324.32,19,9,14,0
NS_324.33,1009,323,150,1
NS_324.34,8366,2739,1489,1
NS_324.341,2635,863,794,1
NS_324.342,222,62,39,1
NS_324.35,1029,318,216,1
NS_324.5,7,4,,0
NS_324.6,124,46,16,0
NS_324.7,65,22,,0
NS_324.9,167,54,73,1
NS_325,16277,11594,5819,1
NS_325.1,,6625,168,0
NS_325.2,8858,5153,454,1
NS_325.3,4783,1785,608,1
NS_326,3085,826,2191,1
NS_326.1,2628,710,1984,1
NS_326.2,135,26,24,1
NS_326.3,11,9,2,0
NS_328,4887,1723,7602,1
NS_328.1,3385,1123,6264,1
NS_328.11,866,351,2640,1
NS_328.12,594,283,1468,1
NS_328.13,127,70,199,1
NS_328.14,108,91,,0
NS_328.3,1796,730,1950,1
NS_328.33,14,11,,0
NS_328.34,1,5,1,0
NS_329,27761,9564,7007,1
NS_329.1,12363,4031,1341,1
NS_329.2,173,123,,0
NS_329.3,465,354,,0
NS_329.4,3487,1501,,0
NS_329.41,2465,896,,0
NS_329.42,801,506,,0
NS_329.43,42,14,,0
NS_329.44,17,2,,0
NS_329.45,227,156,,0
NS_329.5,3906,835,,0
NS_329.6,471,123,694,1
NS_329.8,11476,4888,4483,1
NS_330,13316,4564,8470,1
NS_330.1,5928,1877,6469,1
NS_330.11,1901,493,821,1
NS_330.12,2547,961,802,1
NS_330.14,7,4,,0
NS_330.15,62,20,,0
NS_330.3,10641,4270,3268,1
NS_330.31,136,69,15,0
NS_330.4,136,35,,0
NS_331,76594,22557,18323,1
NS_331.1,9057,1819,684,1
NS_331.2,2104,535,29,1
NS_331.3,5786,1485,153,1
NS_331.31,1331,416,,0
NS_331.32,28,5,,0
NS_331.33,172,37,,0
NS_331.4,1059,277,,0
NS_331.5,318,79,,0
NS_331.6,33462,12600,6608,1
NS_331.61,8669,7014,525,1
NS_331.62,243,55,,0
NS_331.63,542,158,,0
NS_331.64,5329,1633,,0
NS_331.7,1184,279,72,1
NS_333,75508,28721,11013,1
NS_333.1,45051,20487,9462,1
NS_333.11,39312,16859,,0
NS_333.12,1312,692,,0
NS_333.13,20,10,,0
NS_333.14,1715,235,,0
NS_333.2,37342,11456,519,1
NS_333.3,12978,5995,167,1
NS_333.4,1882,664,63,1
NS_333.5,2630,1247,77,1
NS_333.51,56,31,,0
NS_333.52,685,284,,0
NS_333.53,46,16,,0
NS_333.54,164,62,21,1
NS_333.55,133,32,22,1
NS_333.6,10701,3391,,0
NS_333.61,2491,306,,0
NS_333.62,983,194,,0
NS_333.63,476,38,,0
NS_333.64,7947,2917,,0
NS_333.7,867,205,89,1
NS_333.71,230,44,,0
NS_333.8,8274,3836,,0
NS_334,8650,4127,3446,1
NS_334.1,2523,983,994,1
NS_334.11,1601,683,876,1
NS_334.12,974,348,77,1
NS_334.2,5200,2108,1720,1
NS_334.21,2253,954,1448,1
NS_334.22,7,4,5,0
NS_334.23,2694,934,,0
NS_334.24,215,54,113,1
NS_334.25,286,110,5,0
NS_334.3,24,5,2,0
NS_334.4,1068,570,508,1
NS_334.41,274,130,187,1
NS_334.42,356,222,110,1
NS_334.44,537,285,233,1
NS_334.5,67,39,19,0
NS_334.6,111,56,17,0
NS_334.8,37,46,33,1
NS_334.9,53,26,15,0
NS_335,3349,1557,9057,1
NS_335.1,1410,648,183,1
NS_335.2,1169,324,115,1
NS_335.3,85,58,25,1
NS_335.4,328,299,91,1
NS_336,34490,13949,20222,1
NS_336.4,23228,8106,16938,1
NS_336.41,19349,5909,15356,1
NS_336.411,5070,1591,,0
NS_336.5,9809,3582,2674,1
NS_336.51,2015,727,66,1
NS_336.52,1606,524,151,1
NS_337,27060,9690,4958,1
NS_337.2,896,300,476,1
NS_337.21,387,180,332,1
NS_337.22,348,99,,0
NS_337.3,2176,1381,292,1
NS_337.4,91,26,,0
NS_337.5,213,64,,0
NS_337.6,1011,123,7,0
NS_338,1230,2283,414,1
NS_338.1,551,205,358,1
NS_338.2,12,1,,0
NS_338.3,13,6,5,0
NS_339,114,26,118,1
NS_339.2,43,11,92,0
NS_339.4,35,8,11,0
NS_340,1821,887,427,1
NS_340.1,192,79,,0
NS_340.2,368,197,76,1
NS_340.3,135,79,56,1
NS_341,5302,1706,4557,1
NS_341.1,406,159,235,1
NS_341.11,106,61,73,1
NS_341.12,18,5,8,0
NS_341.13,8,,,0
NS_341.2,4239,1102,3858,1
NS_341.21,99,35,20,1
NS_341.22,284,77,84,1
NS_341.23,20,11,,0
NS_341.6,639,433,443,1
NS_341.9,75,49,,0
NS_342,1785,1072,840,1
NS_342.1,902,466,479,1
NS_342.2,476,426,166,1
NS_342.4,408,165,198,1
NS_343,3914,1589,802,1
NS_343.1,1571,593,137,1
NS_343.2,116,66,25,1
NS_343.3,1073,473,87,1
NS_343.5,141,96,164,1
NS_343.6,195,128,,0
NS_344,2482,1192,1542,1
NS_344.1,1143,633,1108,1
NS_344.11,213,103,68,1
NS_344.12,455,386,154,1
NS_344.13,232,119,165,1
NS_344.2,1045,328,163,1
NS_344.3,470,367,307,1
NS_345,7865,2235,367,1
NS_345.1,2396,304,15,0
NS_345.2,2911,524,,0
NS_345.3,286,51,25,1
NS_345.5,100,44,,0
NS_346,5275,2291,940,1
NS_346.1,2262,464,67,1
NS_346.2,72,39,,0
NS_346.3,345,120,339,1
NS_346.5,1036,793,133,1
NS_346.6,1325,1024,390,1
NS_347,7936,4296,1567,1
NS_347.1,839,393,321,1
NS_347.2,493,245,148,1
NS_347.21,67,32,,0
NS_347.3,68,42,,0
NS_348,7787,2773,3126,1
NS_348.1,289,172,86,1
NS_348.2,5419,2106,2279,1
NS_348.21,402,135,148,1
NS_348.4,956,375,541,1
NS_349,9471,3568,992,1
NS_349.1,8449,2937,828,1
NS_349.12,473,105,,0
NS_349.13,4325,2582,244,1
NS_349.14,1693,204,,0
NS_349.15,102,96,242,1
NS_349.2,211,11,8,0
NS_349.3,467,74,,0
NS_350,11123,3774,5263,1
NS_350.2,59,24,24,1
NS_350.3,1365,443,27,1
NS_350.4,1672,135,7,0
NS_350.5,4675,1505,5209,1
NS_351,45439,12693,4535,1
NS_351.1,19978,6179,50,1
NS_351.2,136,56,38,1
NS_351.3,20895,5611,2558,1
NS_351.4,207,94,33,1
NS_352,3397,1211,142,1
NS_352.1,1203,318,66,1
NS_352.2,946,662,19,0
NS_354,52573,14014,8191,1
NS_355,10432,4840,1319,1
NS_355.1,969,573,592,1
NS_355.2,9620,4646,733,1
NS_355.21,2726,976,,0
NS_356,7654,3390,2799,1
NS_356.1,2255,1206,441,1
NS_356.2,2845,1397,1263,1
NS_356.4,1735,330,,0
PP_900,3961,1440,2088,1
PP_900.1,3431,1393,1809,1
PP_900.2,970,155,364,1
PP_901,3776,954,2069,1
PP_901.1,1390,274,373,1
PP_901.11,335,17,10,0
PP_901.12,541,138,269,1
PP_901.13,39,5,4,0
PP_901.2,88,32,28,1
PP_901.3,2299,667,1669,1
PP_901.4,21,6,2,0
PP_902,326,118,85,1
PP_903,4580,1176,878,1
PP_903.1,2257,581,5,0
PP_903.2,2667,710,2,0
PP_904,7417,1326,1890,1
PP_904.1,5824,1020,1151,1
PP_904.11,3776,689,608,1
PP_904.2,1803,278,,0
PP_904.3,2306,495,823,1
PP_905,2992,721,1420,1
PP_906,776,201,64,1
PP_907,4113,791,578,1
PP_907.1,1222,288,235,1
PP_907.2,530,50,,0
PP_907.3,552,126,59,1
PP_907.4,73,33,,0
PP_907.6,349,70,114,1
PP_907.7,216,3,,0
PP_907.8,25,10,16,0
PP_908,6111,1399,1716,1
PP_908.1,2909,711,457,1
PP_908.12,1224,323,74,1
PP_908.13,82,30,17,0
PP_908.14,77,30,,0
PP_908.2,1878,517,94,1
PP_908.3,2671,729,602,1
PP_908.4,460,114,184,1
PP_909,4546,1354,313,1
PP_909.1,2140,689,221,1
PP_909.2,723,201,81,1
PP_909.3,2503,1073,,0
PP_910,5643,919,29,1
PP_910.1,560,240,29,1
PP_911,3419,600,314,1
PP_911.1,1664,297,200,1
PP_912,988,334,212,1
PP_912.1,201,57,34,1
PP_912.2,360,213,44,1
PP_912.21,272,198,21,1
PP_913,112,35,8,0
PP_914,6016,711,1173,1
PP_916,8956,1140,401,1
PP_916.1,3628,597,313,1
PP_916.2,1886,222,44,1
PP_916.21,178,7,4,0
PP_916.4,4746,434,,0
PP_916.6,81,,2,0
PP_916.7,344,6,,0
PP_917,629,103,32,1
PP_918,434,166,,0
PP_919,12,6,,0
PP_920,3585,720,467,1
PP_920.1,733,161,146,1
PP_920.2,1199,341,180,1
PP_920.3,1556,210,22,1
PP_920.31,895,79,,0
PP_922,2625,655,110,1
PP_922.1,114,19,1,0
PP_922.2,672,409,,0
PP_923,93,23,11,0
PP_924,903,269,49,1
PP_926,4784,1404,127,1
PP_926.1,563,535,,0
PP_926.11,533,440,,0
PP_927,2202,274,3,0
PP_927.1,95,5,,0
PP_927.2,1375,201,,0
PP_927.3,1075,101,,0
PP_928,4596,1228,343,1
PP_928.1,2455,153,,0
PP_928.2,168,41,,0
PP_929,2180,457,239,1
PP_930,3648,653,573,1
PP_930.3,630,213,12,0
PP_930.31,48,17,,0
PP_932,11744,3175,5598,1
PP_932.1,6207,1532,,0
PP_932.11,4018,819,,0
PP_932.2,621,63,21,1
PP_932.3,1282,925,150,1
PP_932.4,2955,790,,0
PP_932.5,26,9,,0
PP_932.6,16,4,9,0
PP_935,963,413,366,1
PP_937,1908,215,138,1
PP_938,15432,2951,3136,1
PP_938.1,67,25,,0
PP_940,3604,3,1959,0
PP_940.1,2358,3,950,0
PP_940.2,132,,121,0
PP_940.3,11,,80,0
PP_941,6990,1208,4105,1
PP_941.1,2492,,407,0
PP_941.2,506,,93,0
PP_941.3,77,,53,0
PP_941.4,382,,2441,0
PP_941.5,4157,1057,1359,1
PP_944,3897,,1477,0
PP_945,1868,822,1699,1
PP_945.2,42,6,5,0
PP_945.3,1819,816,1696,1
PP_947,5132,52,803,1
PP_947.1,70,,37,0
PP_947.2,76,,8,0
PP_947.3,44,,6,0
PP_947.4,4538,,587,0
PP_947.5,18,,1,0
PP_947.6,183,52,,0
PP_949,3257,1935,1050,1
PP_949.1,419,1697,282,1
PP_949.2,17,3,3,0
PP_949.3,54,9,5,0
PP_949.4,170,17,181,0
PP_950,754,212,218,1
PP_952,1047,352,176,1
PP_952.5,118,35,3,0
PP_954,1077,585,115,1
PP_954.2,600,369,5,0
RE_460,88424,21935,23999,1
RE_460.1,78766,19211,4871,1
RE_460.2,28488,6482,19765,1
RE_460.3,1136,443,251,1
RE_462,46411,12632,4284,1
RE_462.1,31814,8912,323,1
RE_462.2,27820,7119,4053,1
RE_463,60914,25185,4853,1
RE_463.1,14459,3422,1419,1
RE_463.2,46671,22719,2821,1
RE_463.21,19204,18305,2821,1
RE_463.22,190,59,,0
RE_463.23,1816,1533,,0
RE_463.3,1253,557,37,1
RE_463.4,12972,3424,,0
RE_463.5,8241,2056,,0
RE_464,4870,885,699,1
RE_464.1,4592,869,674,1
RE_464.2,311,16,26,0
RE_465,45437,10993,1780,1
RE_465.1,45096,10841,1602,1
RE_465.11,7465,1629,33,1
RE_465.2,755,322,113,1
RE_465.3,115,64,52,1
RE_466,7821,2107,2775,1
RE_466.1,4217,885,919,1
RE_466.2,1420,532,591,1
RE_466.3,643,162,605,1
RE_466.4,2427,958,455,1
RE_467,5258,1029,504,1
RE_467.1,4033,918,266,1
RE_467.11,180,71,3,0
RE_467.2,1367,115,126,1
RE_467.3,41,15,,0
RE_467.4,95,21,117,1
RE_468,28776,10643,23972,1
RE_468.1,4279,648,1965,1
RE_468.2,5415,2459,1900,1
RE_468.21,782,224,521,1
RE_468.22,368,272,225,1
RE_468.3,307,151,,0
RE_468.4,,901,,0
RE_468.5,1039,289,399,1
RE_468.6,46,21,21,1
RE_468.8,705,89,668,1
RE_468.9,3533,832,14051,1
RE_469,39666,9301,2086,1
RE_469.1,24972,5828,363,1
RE_469.2,4010,1791,634,1
RE_470,1233,312,104,1
RE_471,26653,9831,12302,1
RE_471.1,937,176,189,1
RE_471.2,9305,2958,5531,1
RE_471.3,4831,1588,2365,1
RE_471.5,2376,1042,4464,1
RE_472,6991,3975,2885,1
RE_472.1,1432,869,430,1
RE_472.2,652,297,414,1
RE_472.3,938,235,272,1
RE_472.4,678,347,114,1
RE_472.5,223,290,81,1
RE_472.6,211,124,174,1
RE_474,24255,8625,19999,1
RE_474.1,7825,3383,4074,1
RE_474.11,,24,13,0
RE_474.12,430,172,14,0
RE_474.13,2308,809,257,1
RE_475,46095,16260,42289,1
RE_475.5,1673,773,,0
RE_475.6,734,173,,0
RE_475.7,179,69,,0
RE_476,3477,989,4705,1
RE_477,1254,563,827,1
RE_477.1,306,73,562,1
RE_477.2,336,180,230,1
RE_477.3,29,,1,0
RE_478,3493,1209,2159,1
RE_479,25419,8445,8778,1
RE_479.1,683,496,305,1
RE_479.3,13834,4796,3207,1
RE_479.31,11694,4285,526,1
RE_479.32,2629,773,309,1
RE_479.6,16019,4199,5792,1
RE_480,6502,2811,982,1
RE_480.1,1862,2093,,0
RE_480.2,5625,1423,,0
RE_481,6597,2403,2987,1
RE_481.1,547,789,173,1
RE_481.2,31,6,,0
RE_481.3,2,1,,0
RE_481.4,4702,1526,2,0
RE_481.41,93,26,,0
RE_481.42,472,428,,0
RE_481.43,100,25,2,0
RE_481.44,158,56,,0
RE_481.45,103,39,,0
RE_481.46,21,7,,0
RE_481.5,34,19,,0
RE_481.6,16,14,,0
RE_481.7,87,3,,0
RE_482,884,412,737,1
RE_482.1,389,149,158,1
RE_482.2,574,290,602,1
RE_483,12120,4610,11831,1
RE_484,3581,4344,1661,1
RE_484.1,570,1192,346,1
RE_484.2,25,16,,0
RE_484.3,940,434,,0
RE_484.4,523,183,74,1
RE_486,21579,11700,5075,1
RE_486.3,71,82,,0
RE_486.5,129,14,,0
RE_486.7,6,11,,0
RE_487,11317,3376,7027,1
RE_487.1,7921,2322,3849,1
RE_487.2,65,52,23,1
RE_487.3,3950,1230,3260,1
RE_488,83046,28455,15610,1
RE_488.1,66294,19429,10917,1
RE_488.11,1470,480,,0
RE_488.2,514,394,373,1
RE_488.3,111,85,9,0
RE_488.4,1267,578,,0
RE_488.5,461,1290,173,1
RE_488.6,11571,2802,471,1
RE_488.7,2415,927,,0
RE_488.8,1436,302,243,1
RE_488.9,12876,5797,,0
RE_489,1796,516,326,1
RE_489.1,792,244,181,1
RE_491,3582,858,2732,1
RE_492,455,349,88,1
RE_494,9924,4380,1478,1
RE_494.1,8132,3752,1343,1
RE_494.2,233,353,31,1
RE_494.3,22,88,,0
RE_494.4,13,11,,0
RE_495,35232,10367,4440,1
RE_495.1,15994,5579,,0
RE_496,2397,584,61,1
RE_497,142,75,220,1
RE_498,11826,148,512,1
RE_498.1,11500,,,0
RE_498.2,282,148,60,1
RE_499,78426,19969,6340,1
RE_499.1,74401,18716,5423,1
RE_499.11,161,,,0
RE_499.12,2281,,,0
RE_499.2,752,236,149,1
RE_499.3,4767,1734,,0
RE_499.4,6447,1048,560,1
SO_360,17635,6916,3986,1
SO_360.1,5485,1516,316,1
SO_360.2,3245,1103,2483,1
SO_360.4,10368,5183,1259,1
SO_360.41,139,56,,0
SO_360.42,1205,529,,0
SO_360.5,1142,359,27,1
SO_360.51,591,186,,0
SO_360.52,14,4,,0
SO_360.53,579,194,,0
SO_360.54,30,4,,0
SO_360.6,639,295,,0
SO_361,6649,3309,5840,1
SO_361.1,966,419,1367,1
SO_361.12,19,18,,0
SO_361.13,22,4,,0
SO_361.14,49,23,,0
SO_361.15,748,305,,0
SO_361.2,428,422,88,1
SO_361.22,31,26,,0
SO_361.24,37,45,,0
SO_361.25,99,114,,0
SO_361.3,4526,2126,2595,1
SO_361.32,507,383,,0
SO_361.33,471,276,,0
SO_361.35,49,46,,0
SO_361.36,518,495,,0
SO_361.4,415,187,1272,1
SO_361.5,409,602,,0
SO_361.6,5,6,,0
SO_361.8,39,71,,0
SO_361.9,685,426,997,1
SO_361.92,58,55,,0
SO_361.93,6,,,0
SO_361.94,93,110,,0
SO_362,12198,4761,4814,1
SO_362.1,211,64,273,1
SO_362.2,55,7,,0
SO_362.3,1,1,,0
SO_362.4,99,48,,0
SO_362.5,804,293,,0
SO_362.6,4084,2005,,0
SO_362.7,980,309,,0
SO_362.8,4379,1205,,0
SO_363,23487,9260,4645,1
SO_363.1,129,38,24,1
SO_363.2,22273,8785,,0
SO_363.3,29,11,,0
SO_363.4,15,2,,0
SO_363.5,1634,834,1631,1
SO_363.51,184,191,,0
SO_363.52,426,162,,0
SO_363.6,318,112,230,1
SO_363.61,249,91,,0
SO_363.62,73,24,,0
SO_363.63,12,2,,0
SO_363.7,640,314,1851,1
SO_365,1435,784,489,1
SO_365.1,69,44,26,1
SO_365.2,207,81,,0
SO_365.3,870,507,366,1
SO_365.4,24,30,,0
SO_365.5,43,18,,0
SO_365.6,54,32,11,0
SO_366,4256,1479,1270,1
SO_366.1,1239,174,426,1
SO_366.2,1587,602,,0
SO_366.21,1131,429,,0
SO_366.3,147,105,44,1
SO_366.4,403,149,444,1
SO_366.42,234,115,,0
SO_366.5,312,200,,0
SO_366.6,280,132,,0
SO_367,31016,10151,2598,1
SO_367.1,22343,6731,660,1
SO_367.11,261,100,,0
SO_367.12,8245,2703,31,1
SO_367.13,576,194,14,0
SO_367.2,5270,2240,465,1
SO_367.21,1083,488,274,1
SO_367.22,1243,705,,0
SO_367.3,4274,1603,208,1
SO_367.31,3545,746,,0
SO_367.32,84,72,,0
SO_367.4,525,220,245,1
SO_367.41,369,133,,0
SO_367.42,70,24,,0
SO_367.5,2948,1114,854,1
SO_367.51,128,41,,0
SO_367.52,2763,902,849,1
SO_367.53,236,264,,0
SO_367.56,27,7,,0
SO_367.6,407,229,48,1
SO_367.7,709,393,42,1
SO_367.8,2793,995,,0
SO_367.9,419,128,68,1
SO_368,217,99,69,1
SO_368.1,74,15,,0
SO_368.2,29,8,,0
SO_369,6423,2421,2748,1
SO_369.1,2246,859,377,1
SO_369.11,180,90,,0
SO_369.12,259,74,2,0
SO_369.14,63,22,,0
SO_369.15,127,77,,0
SO_369.2,901,282,234,1
SO_369.3,376,147,31,1
SO_369.4,1440,649,1537,1
SO_369.42,501,239,,0
SO_369.43,183,73,,0
SO_369.44,312,85,,0
SO_369.6,666,212,182,1
SO_369.61,65,23,,0
SO_369.62,561,175,159,1
SO_369.7,1039,481,,0
SO_370,1511,535,884,1
SO_370.1,386,146,63,1
SO_370.11,316,129,,0
SO_370.2,76,25,5,0
SO_370.3,89,58,85,1
SO_370.4,550,193,241,1
SO_370.41,191,61,,0
SO_370.6,246,64,,0
SO_371,39475,16451,53820,1
SO_371.1,4066,953,,0
SO_371.2,2301,645,,0
SO_371.21,135,33,,0
SO_371.22,2199,618,,0
SO_371.3,25885,9510,17008,1
SO_371.4,138,64,,0
SO_372,1509,272,619,1
SO_372.1,401,200,239,1
SO_372.2,222,70,124,1
SO_373,3100,876,497,1
SO_373.1,2670,602,249,1
SO_373.2,254,29,78,1
SO_373.5,84,30,14,0
SO_374,24740,8512,17256,1
SO_374.1,4522,1434,5208,1
SO_374.11,1302,705,1535,1
SO_374.12,477,152,160,1
SO_374.13,1143,381,,0
SO_374.14,985,189,,0
SO_374.2,333,101,166,1
SO_374.21,268,88,,0
SO_374.22,9,1,,0
SO_374.3,2020,742,582,1
SO_374.32,115,149,,0
SO_374.33,660,357,,0
SO_374.34,114,30,,0
SO_374.35,92,33,,0
SO_374.36,193,93,,0
SO_374.4,9083,3864,3549,1
SO_374.41,2322,774,,0
SO_374.42,6544,3084,3459,1
SO_374.43,55,7,,0
SO_374.44,425,132,,0
SO_374.5,7932,2539,7415,1
SO_374.51,3779,1667,,0
SO_374.511,2743,766,,0
SO_374.512,899,292,,0
SO_374.53,1803,444,,0
SO_374.54,3109,944,,0
SO_374.6,3113,862,334,1
SO_374.61,2046,668,,0
SO_374.7,5813,2222,,0
SO_374.71,4966,1922,,0
SO_374.72,196,48,,0
SO_374.73,17,4,,0
SO_374.74,1231,466,,0
SO_374.8,1440,678,,0
SO_374.9,2131,697,1553,1
SO_374.91,719,204,266,1
SO_375,20154,5619,11587,1
SO_375.1,9556,3123,9866,1
SO_375.11,5097,1078,3030,1
SO_375.111,228,56,,0
SO_375.112,206,43,,0
SO_375.113,724,192,,0
SO_375.12,912,192,1537,1
SO_375.6,3366,1043,,0
SO_375.61,59,6,,0
SO_375.7,259,78,67,1
SO_376,18327,6975,2397,1
SO_376.1,12320,5574,,0
SO_376.2,9284,2630,2304,1
SO_376.21,393,152,738,1
SO_376.22,174,54,,0
SO_376.3,148,26,24,1
SO_376.4,668,95,,0
SO_377,6807,2083,1593,1
SO_377.1,79,43,,0
SO_377.2,3594,993,390,1
SO_377.3,60,23,39,1
SO_377.4,1858,434,214,1
SO_377.5,1602,667,910,1
SO_377.6,86,30,,0
SO_377.7,54,31,,0
SO_377.8,226,89,87,1
SO_379,3090,1114,395,1
SO_379.2,2984,1087,332,1
SO_379.3,46,7,,0
SO_380,7394,1827,898,1
SO_380.1,3788,1015,365,1
SO_380.11,1125,522,210,1
SO_380.12,331,153,,0
SO_380.2,2564,688,406,1
SO_380.21,794,249,106,1
SO_380.22,332,89,,0
SO_380.23,73,6,,0
SO_380.24,109,33,,0
SO_380.3,3238,601,141,1
SO_380.5,32,17,2,0
SO_380.51,24,9,,0
SO_381,4294,2086,2188,1
SO_381.1,1317,735,746,1
SO_381.11,179,62,169,1
SO_381.3,1061,570,329,1
SO_381.31,192,51,,0
SO_381.32,26,58,,0
SO_381.4,1083,528,567,1
SO_381.41,277,60,,0
SO_381.5,739,547,126,1
SO_381.6,444,331,476,1
SO_381.7,9,25,,0
SO_381.8,830,398,108,1
SO_381.81,271,128,,0
SO_381.82,442,236,,0
SO_381.83,,1,,0
SO_382,1234,506,41,1
SO_382.1,416,161,8,0
SO_382.2,71,15,8,0
SO_383,1027,296,532,1
SO_383.1,935,281,,0
SO_383.2,57,5,,0
SO_384,1450,570,264,1
SO_384.1,671,315,,0
SO_384.2,453,132,,0
SO_384.3,258,98,,0
SO_384.4,58,25,,0
SO_385,52,12,,0
SO_386,31772,11564,6786,1
SO_386.1,1773,1332,1404,1
SO_386.2,4651,1982,1536,1
SO_386.3,2622,718,,0
SO_386.4,4666,2126,859,1
SO_386.41,695,114,,0
SO_386.42,797,414,,0
SO_386.43,360,102,,0
SO_386.5,191,71,27,1
SO_386.6,177,53,4,0
SO_386.7,94,25,,0
SO_386.8,1044,314,,0
SO_386.9,1645,550,,0
SO_387,38226,17186,7432,1
SO_387.1,9631,4096,656,1
SO_387.2,19325,10748,3364,1
SO_387.21,1011,136,425,1
SO_387.3,19312,9065,3192,1
SO_387.4,22486,8172,75,1
SO_387.5,1088,443,,0
SO_387.6,23,21,,0
SO_387.8,130,25,5,0
SO_388,7857,2600,2220,1
SO_389,13811,4877,1208,1
SO_389.1,7384,1884,359,1
SO_389.2,8,,,0
SO_390,29938,7510,2464,1
SO_390.1,11870,2836,959,1
SO_390.2,160,34,,0
SO_390.4,21314,5211,604,1
SO_390.5,133,100,115,1
SO_390.6,550,146,577,1
SO_391,27174,8463,5096,1
SO_391.1,20036,5868,2579,1
SO_391.2,9853,3575,330,1
SO_391.21,152,7,5,0
SO_391.22,251,33,23,1
SO_391.23,76,32,8,0
SO_391.3,78,52,38,1
SO_391.4,179,66,129,1
SO_391.5,66,120,164,1
SO_391.6,502,472,779,1
SO_391.7,1697,778,1464,1
SO_391.8,541,207,423,1
SO_391.9,280,106,24,1
SO_392,18510,4490,863,1
SO_392.1,17834,4071,527,1
SO_392.2,1214,693,373,1
SO_393,718,224,168,1
SO_394,11629,3232,2730,1
SO_394.1,1146,452,1136,1
SO_394.2,10276,2864,1484,1
SO_394.21,8248,2256,1169,1
SO_394.22,685,230,302,1
SO_394.23,726,39,31,1
SO_394.4,18,5,,0
SO_395,2263,828,1459,1
SO_395.1,1193,224,1359,1
SO_395.2,42,121,13,0
SO_396,34940,13892,11306,1
SO_396.1,3247,1765,699,1
SO_396.2,23617,7867,2008,1
SO_396.3,3446,2117,305,1
SO_396.4,40,24,18,0
SO_396.5,890,303,29,1
SO_396.6,5,1,,0
SO_396.7,29,3,56,0
SO_396.8,23335,8545,956,1
SO_396.9,8273,3965,431,1
SO_397,19410,5057,1466,1
SO_397.1,17423,4836,1426,1
SO_397.11,678,266,,0
SO_397.2,473,160,21,1
SO_397.3,275,115,,0
SO_398,6323,2242,176,1
SO_399,191,30,,0
SS_800,86052,24278,47131,1
SS_800.1,18050,5085,384,1
SS_800.11,9764,2351,,0
SS_800.2,9028,2608,6719,1
SS_800.3,731,140,,0
SS_805,33255,10936,6653,1
SS_806,4662,944,,0
SS_807,78521,24406,6131,1
SS_807.1,8645,3770,1174,1
SS_807.11,359,161,1174,1
SS_807.2,27233,7879,,0
SS_807.21,12023,5370,,0
SS_807.3,495,,,0
SS_808,26701,7776,14575,1
SS_808.1,94,43,,0
SS_809,127089,40164,4502,1
SS_809.1,19635,18057,214,1
SS_809.2,70142,23480,1743,1
SS_809.21,10755,1865,,0
SS_809.22,338,417,,0
SS_809.3,94287,5920,2064,1
SS_809.31,26159,,,0
SS_809.32,25874,,,0
SS_809.33,23046,5920,,0
SS_809.34,37961,,,0
SS_810,5216,2153,691,1
SS_810.1,2790,1274,,0
SS_810.2,1290,510,188,1
SS_810.3,575,149,43,1
SS_811,175,113,193,1
SS_812,40609,13423,5269,1
SS_812.1,2145,523,121,1
SS_812.2,2749,651,356,1
SS_813,84,25,31,1
SS_814,3010,1890,1389,1
SS_815,942,792,681,1
SS_817,1089,,5,0
SS_819,50111,12613,26266,1
SS_820,2099,587,120,1
SS_821,884,886,103,1
SS_821.1,884,367,,0
SS_822,968,1274,,0
SS_822.8,571,810,,0
SS_822.81,305,135,,0
SS_822.82,294,340,,0
SS_823,6487,10463,470,1
SS_823.1,6487,5545,92,1
SS_823.2,,7346,381,0
SS_824,,595,315,0
SS_824.1,,24,32,0
SS_824.2,,30,35,0
SS_824.3,,79,6,0
SS_825,2345,824,,0
SS_826,7872,8665,377,1
SS_826.1,6505,,11,0
SS_826.2,104,30,1,0
SS_826.3,1325,313,46,1
SS_826.4,,8633,326,0
SS_827,516,167,110,1
SS_827.1,117,15,39,0
SS_829,34644,16710,11111,1
SS_829.1,517,266,,0
SS_829.2,1866,485,315,1
SS_829.3,25,14,20,0
SS_830,9500,3755,635,1
SS_831,785,267,135,1
SS_832,14137,420,567,1
SS_832.1,17,15,1,0
SS_832.2,30,21,15,0
SS_832.4,392,67,20,1
SS_832.5,383,97,36,1
SS_832.6,980,,,0
SS_832.7,145,,,0
SS_832.8,103,,,0
SS_832.9,291,,,0
SS_834,16430,5878,1701,1
SS_834.1,11933,5585,,0
SS_834.3,4455,930,,0
SS_835,22769,9960,898,1
SS_835.1,240,245,48,1
SS_840,61031,32594,48645,1
SS_840.1,1330,1621,291,1
SS_840.11,57,130,,0
SS_840.12,90,385,,0
SS_840.13,68,5,,0
SS_840.14,83,21,,0
SS_840.15,43,16,,0
SS_840.16,7,3,,0
SS_840.17,4,63,,0
SS_840.18,9,64,,0
SS_840.2,6925,10041,636,1
SS_840.4,,487,,0
SS_840.5,,978,,0
SS_840.6,1287,8046,41338,1
SS_840.61,1287,4450,29211,1
SS_840.611,,2507,24354,0
SS_840.612,,1430,5937,0
SS_840.613,,1491,1258,0
SS_840.62,,107,445,0
SS_840.63,,1380,2266,0
SS_840.64,,900,7310,0
SS_840.65,,113,320,0
SS_840.8,52776,24263,3941,1
SS_840.9,1770,756,620,1
SS_844,1678,,993,0
SS_847,4061,2554,1496,1
SS_847.1,695,425,74,1
SS_847.2,2166,1619,571,1
SS_847.3,762,494,152,1
SS_847.4,448,304,56,1
SS_847.5,79,74,,0
SS_847.6,18,6,,0
SS_847.7,393,322,129,1
SS_847.8,207,248,,0
SS_848,15206,25,488,1
SS_849,1015,618,70,1
SS_849.1,209,268,,0
SS_849.3,303,164,44,1
SS_849.4,76,69,1,0
